order_id,date,shift,order_type,trim_misalign,wrong_paper,ink_smudge,wrong_quantity,reject_any
PO-0629-001,2026-06-29,evening,flyer-poster,0,0,0,0,0
PO-0629-002,2026-06-29,evening,course-packet,0,0,0,0,0
PO-0629-003,2026-06-29,evening,other,0,0,0,0,0
PO-0629-004,2026-06-29,evening,course-packet,0,1,0,0,1
PO-0629-005,2026-06-29,day,course-packet,0,1,0,0,1
PO-0629-006,2026-06-29,evening,other,0,0,0,0,0
PO-0629-007,2026-06-29,evening,flyer-poster,0,0,0,0,0
PO-0629-008,2026-06-29,day,flyer-poster,0,0,0,0,0
PO-0629-009,2026-06-29,evening,other,0,0,0,0,0
PO-0629-010,2026-06-29,evening,program-booklet,0,0,0,0,0
PO-0629-011,2026-06-29,day,course-packet,0,0,0,0,0
PO-0629-012,2026-06-29,day,other,0,0,0,0,0
PO-0629-013,2026-06-29,evening,course-packet,0,0,0,0,0
PO-0629-014,2026-06-29,evening,program-booklet,1,0,0,0,1
PO-0629-015,2026-06-29,day,program-booklet,0,0,0,0,0
PO-0629-016,2026-06-29,evening,course-packet,0,0,0,0,0
PO-0629-017,2026-06-29,evening,flyer-poster,0,0,0,0,0
PO-0629-018,2026-06-29,day,other,0,0,0,0,0
PO-0629-019,2026-06-29,day,flyer-poster,0,0,0,0,0
PO-0629-020,2026-06-29,evening,other,0,0,0,0,0
PO-0629-021,2026-06-29,day,course-packet,0,0,0,0,0
PO-0629-022,2026-06-29,day,course-packet,0,0,0,0,0
PO-0629-023,2026-06-29,day,program-booklet,0,0,0,0,0
PO-0629-024,2026-06-29,evening,course-packet,0,0,0,0,0
PO-0629-025,2026-06-29,day,course-packet,0,0,0,0,0
PO-0629-026,2026-06-29,evening,course-packet,0,1,0,0,1
PO-0629-027,2026-06-29,evening,course-packet,0,0,0,0,0
PO-0629-028,2026-06-29,day,flyer-poster,0,0,0,0,0
PO-0629-029,2026-06-29,day,program-booklet,0,0,0,0,0
PO-0629-030,2026-06-29,day,course-packet,0,0,0,0,0
PO-0629-031,2026-06-29,day,program-booklet,0,0,0,1,1
PO-0629-032,2026-06-29,evening,program-booklet,0,0,0,0,0
PO-0629-033,2026-06-29,evening,course-packet,0,0,0,0,0
PO-0629-034,2026-06-29,evening,course-packet,0,0,0,0,0
PO-0629-035,2026-06-29,day,other,1,0,0,0,1
PO-0629-036,2026-06-29,evening,course-packet,0,0,0,0,0
PO-0629-037,2026-06-29,day,flyer-poster,1,0,0,0,1
PO-0629-038,2026-06-29,evening,flyer-poster,1,0,0,0,1
PO-0629-039,2026-06-29,day,flyer-poster,0,0,0,0,0
PO-0629-040,2026-06-29,day,course-packet,0,0,0,0,0
PO-0629-041,2026-06-29,day,other,0,0,0,0,0
PO-0629-042,2026-06-29,day,flyer-poster,0,0,0,0,0
PO-0629-043,2026-06-29,evening,other,0,0,0,0,0
PO-0629-044,2026-06-29,day,course-packet,0,0,0,0,0
PO-0629-045,2026-06-29,evening,other,0,0,0,0,0
PO-0629-046,2026-06-29,day,program-booklet,0,0,0,0,0
PO-0629-047,2026-06-29,day,course-packet,0,0,0,0,0
PO-0629-048,2026-06-29,evening,program-booklet,0,0,0,0,0
PO-0629-049,2026-06-29,day,course-packet,0,0,0,0,0
PO-0629-050,2026-06-29,evening,program-booklet,0,0,0,0,0
PO-0629-051,2026-06-29,day,program-booklet,0,0,0,0,0
PO-0629-052,2026-06-29,evening,program-booklet,0,0,0,0,0
PO-0629-053,2026-06-29,evening,program-booklet,0,0,0,0,0
PO-0629-054,2026-06-29,day,course-packet,0,0,0,0,0
PO-0629-055,2026-06-29,day,course-packet,0,0,0,0,0
PO-0629-056,2026-06-29,day,other,0,0,0,0,0
PO-0629-057,2026-06-29,day,program-booklet,0,0,0,0,0
PO-0629-058,2026-06-29,day,other,0,0,0,0,0
PO-0629-059,2026-06-29,day,course-packet,0,0,0,0,0
PO-0629-060,2026-06-29,evening,program-booklet,0,0,0,0,0
PO-0629-061,2026-06-29,day,course-packet,0,0,0,0,0
PO-0629-062,2026-06-29,day,course-packet,0,0,0,0,0
PO-0629-063,2026-06-29,evening,flyer-poster,0,0,0,0,0
PO-0629-064,2026-06-29,day,course-packet,0,0,0,0,0
PO-0629-065,2026-06-29,day,other,0,0,0,0,0
PO-0629-066,2026-06-29,day,program-booklet,0,0,0,0,0
PO-0629-067,2026-06-29,evening,course-packet,0,0,0,0,0
PO-0629-068,2026-06-29,day,flyer-poster,1,0,0,0,1
PO-0629-069,2026-06-29,evening,course-packet,0,0,0,0,0
PO-0629-070,2026-06-29,day,other,0,0,0,0,0
PO-0629-071,2026-06-29,day,program-booklet,0,0,0,0,0
PO-0629-072,2026-06-29,day,program-booklet,0,0,0,0,0
PO-0629-073,2026-06-29,evening,course-packet,0,0,0,0,0
PO-0629-074,2026-06-29,evening,course-packet,0,0,0,0,0
PO-0629-075,2026-06-29,day,flyer-poster,0,0,0,0,0
PO-0629-076,2026-06-29,day,flyer-poster,0,0,0,0,0
PO-0629-077,2026-06-29,day,course-packet,0,0,0,0,0
PO-0629-078,2026-06-29,evening,course-packet,0,0,0,0,0
PO-0629-079,2026-06-29,day,flyer-poster,0,0,0,0,0
PO-0629-080,2026-06-29,day,course-packet,0,0,0,0,0
PO-0629-081,2026-06-29,day,flyer-poster,0,0,0,0,0
PO-0629-082,2026-06-29,evening,flyer-poster,0,0,0,0,0
PO-0629-083,2026-06-29,day,program-booklet,0,0,0,0,0
PO-0630-001,2026-06-30,evening,course-packet,0,0,0,0,0
PO-0630-002,2026-06-30,day,flyer-poster,0,0,0,0,0
PO-0630-003,2026-06-30,day,course-packet,0,0,0,0,0
PO-0630-004,2026-06-30,evening,course-packet,0,0,0,0,0
PO-0630-005,2026-06-30,day,course-packet,0,0,0,0,0
PO-0630-006,2026-06-30,day,flyer-poster,0,0,0,0,0
PO-0630-007,2026-06-30,day,flyer-poster,0,0,0,0,0
PO-0630-008,2026-06-30,evening,flyer-poster,0,0,0,0,0
PO-0630-009,2026-06-30,evening,flyer-poster,0,0,0,0,0
PO-0630-010,2026-06-30,day,flyer-poster,0,0,0,0,0
PO-0630-011,2026-06-30,day,course-packet,0,0,0,0,0
PO-0630-012,2026-06-30,day,program-booklet,0,1,0,0,1
PO-0630-013,2026-06-30,evening,flyer-poster,0,0,0,0,0
PO-0630-014,2026-06-30,evening,program-booklet,0,0,0,0,0
PO-0630-015,2026-06-30,day,program-booklet,0,0,0,0,0
PO-0630-016,2026-06-30,evening,program-booklet,0,0,0,0,0
PO-0630-017,2026-06-30,day,course-packet,0,0,0,0,0
PO-0630-018,2026-06-30,day,course-packet,0,0,0,0,0
PO-0630-019,2026-06-30,day,flyer-poster,0,0,0,0,0
PO-0630-020,2026-06-30,evening,other,0,0,0,0,0
PO-0630-021,2026-06-30,evening,course-packet,0,0,0,0,0
PO-0630-022,2026-06-30,evening,course-packet,0,0,0,0,0
PO-0630-023,2026-06-30,evening,course-packet,0,0,0,0,0
PO-0630-024,2026-06-30,evening,other,0,0,0,0,0
PO-0630-025,2026-06-30,day,flyer-poster,0,0,0,0,0
PO-0630-026,2026-06-30,day,course-packet,0,0,0,0,0
PO-0630-027,2026-06-30,day,program-booklet,0,0,0,0,0
PO-0630-028,2026-06-30,day,program-booklet,0,0,0,0,0
PO-0630-029,2026-06-30,day,other,0,0,0,0,0
PO-0630-030,2026-06-30,day,flyer-poster,0,0,0,0,0
PO-0630-031,2026-06-30,evening,flyer-poster,0,0,0,0,0
PO-0630-032,2026-06-30,evening,course-packet,0,0,0,0,0
PO-0630-033,2026-06-30,day,course-packet,0,0,0,0,0
PO-0630-034,2026-06-30,day,other,0,0,0,0,0
PO-0630-035,2026-06-30,day,flyer-poster,0,0,0,0,0
PO-0630-036,2026-06-30,evening,other,0,0,0,0,0
PO-0630-037,2026-06-30,evening,flyer-poster,1,0,0,0,1
PO-0630-038,2026-06-30,evening,course-packet,0,0,0,0,0
PO-0630-039,2026-06-30,evening,course-packet,0,0,0,0,0
PO-0630-040,2026-06-30,evening,flyer-poster,0,0,0,0,0
PO-0630-041,2026-06-30,day,course-packet,0,0,0,0,0
PO-0630-042,2026-06-30,evening,flyer-poster,1,0,0,0,1
PO-0630-043,2026-06-30,evening,other,0,0,0,0,0
PO-0630-044,2026-06-30,evening,flyer-poster,1,0,0,0,1
PO-0630-045,2026-06-30,evening,other,0,0,0,0,0
PO-0630-046,2026-06-30,evening,program-booklet,0,0,0,0,0
PO-0630-047,2026-06-30,evening,flyer-poster,0,0,0,0,0
PO-0630-048,2026-06-30,evening,course-packet,0,0,0,0,0
PO-0630-049,2026-06-30,day,flyer-poster,0,0,0,0,0
PO-0630-050,2026-06-30,day,other,0,0,0,0,0
PO-0630-051,2026-06-30,evening,course-packet,0,0,0,0,0
PO-0630-052,2026-06-30,day,program-booklet,0,0,0,0,0
PO-0630-053,2026-06-30,evening,course-packet,0,0,0,0,0
PO-0630-054,2026-06-30,evening,program-booklet,0,0,0,0,0
PO-0630-055,2026-06-30,day,flyer-poster,0,0,0,0,0
PO-0630-056,2026-06-30,evening,program-booklet,0,0,0,0,0
PO-0630-057,2026-06-30,day,flyer-poster,0,0,0,0,0
PO-0630-058,2026-06-30,day,other,0,0,0,0,0
PO-0630-059,2026-06-30,day,other,0,0,0,0,0
PO-0630-060,2026-06-30,evening,flyer-poster,0,1,0,0,1
PO-0630-061,2026-06-30,day,course-packet,0,0,0,0,0
PO-0630-062,2026-06-30,evening,course-packet,1,0,0,0,1
PO-0630-063,2026-06-30,day,other,0,0,0,0,0
PO-0630-064,2026-06-30,evening,flyer-poster,0,0,0,0,0
PO-0630-065,2026-06-30,evening,other,0,0,0,0,0
PO-0630-066,2026-06-30,day,course-packet,0,0,0,0,0
PO-0630-067,2026-06-30,day,other,0,0,0,0,0
PO-0630-068,2026-06-30,evening,course-packet,0,0,0,0,0
PO-0630-069,2026-06-30,day,course-packet,0,0,0,0,0
PO-0630-070,2026-06-30,evening,course-packet,1,0,0,0,1
PO-0630-071,2026-06-30,evening,course-packet,0,0,0,0,0
PO-0630-072,2026-06-30,evening,flyer-poster,0,0,0,0,0
PO-0630-073,2026-06-30,evening,other,0,0,0,0,0
PO-0630-074,2026-06-30,day,other,0,0,0,0,0
PO-0630-075,2026-06-30,evening,course-packet,0,0,0,0,0
PO-0630-076,2026-06-30,evening,flyer-poster,0,0,0,0,0
PO-0630-077,2026-06-30,day,course-packet,0,0,0,0,0
PO-0630-078,2026-06-30,evening,flyer-poster,0,0,0,0,0
PO-0630-079,2026-06-30,evening,course-packet,0,0,0,0,0
PO-0701-001,2026-07-01,evening,program-booklet,0,0,0,0,0
PO-0701-002,2026-07-01,day,other,0,0,0,0,0
PO-0701-003,2026-07-01,evening,flyer-poster,0,0,0,0,0
PO-0701-004,2026-07-01,evening,other,0,1,0,0,1
PO-0701-005,2026-07-01,day,flyer-poster,0,0,0,0,0
PO-0701-006,2026-07-01,evening,flyer-poster,0,0,0,0,0
PO-0701-007,2026-07-01,evening,program-booklet,0,0,0,0,0
PO-0701-008,2026-07-01,evening,course-packet,0,0,0,0,0
PO-0701-009,2026-07-01,day,other,0,0,0,0,0
PO-0701-010,2026-07-01,evening,flyer-poster,0,0,0,0,0
PO-0701-011,2026-07-01,day,flyer-poster,0,0,0,0,0
PO-0701-012,2026-07-01,day,course-packet,0,0,0,0,0
PO-0701-013,2026-07-01,day,course-packet,0,0,0,0,0
PO-0701-014,2026-07-01,day,flyer-poster,0,0,0,0,0
PO-0701-015,2026-07-01,evening,course-packet,0,0,0,0,0
PO-0701-016,2026-07-01,evening,program-booklet,0,0,0,0,0
PO-0701-017,2026-07-01,day,program-booklet,0,0,0,0,0
PO-0701-018,2026-07-01,day,program-booklet,1,0,0,0,1
PO-0701-019,2026-07-01,day,course-packet,0,0,0,0,0
PO-0701-020,2026-07-01,day,program-booklet,0,0,0,0,0
PO-0701-021,2026-07-01,day,program-booklet,0,0,0,0,0
PO-0701-022,2026-07-01,evening,flyer-poster,0,0,0,0,0
PO-0701-023,2026-07-01,evening,course-packet,0,0,0,0,0
PO-0701-024,2026-07-01,evening,course-packet,0,0,1,0,1
PO-0701-025,2026-07-01,evening,other,0,0,0,0,0
PO-0701-026,2026-07-01,day,flyer-poster,0,0,0,0,0
PO-0701-027,2026-07-01,day,other,0,0,0,0,0
PO-0701-028,2026-07-01,evening,program-booklet,0,0,0,0,0
PO-0701-029,2026-07-01,day,course-packet,0,0,0,0,0
PO-0701-030,2026-07-01,evening,other,0,1,0,0,1
PO-0701-031,2026-07-01,evening,other,0,0,0,0,0
PO-0701-032,2026-07-01,day,course-packet,0,0,0,0,0
PO-0701-033,2026-07-01,day,program-booklet,0,0,0,0,0
PO-0701-034,2026-07-01,day,other,0,0,0,0,0
PO-0701-035,2026-07-01,evening,program-booklet,0,0,0,0,0
PO-0701-036,2026-07-01,day,program-booklet,0,0,0,0,0
PO-0701-037,2026-07-01,evening,flyer-poster,0,0,0,0,0
PO-0701-038,2026-07-01,evening,flyer-poster,0,0,0,0,0
PO-0701-039,2026-07-01,day,program-booklet,0,0,0,0,0
PO-0701-040,2026-07-01,evening,program-booklet,0,0,0,0,0
PO-0701-041,2026-07-01,day,flyer-poster,0,0,0,0,0
PO-0701-042,2026-07-01,evening,program-booklet,0,0,1,0,1
PO-0701-043,2026-07-01,evening,course-packet,0,0,0,0,0
PO-0701-044,2026-07-01,evening,flyer-poster,0,0,0,0,0
PO-0701-045,2026-07-01,day,program-booklet,0,0,0,0,0
PO-0701-046,2026-07-01,evening,other,0,0,0,0,0
PO-0701-047,2026-07-01,evening,course-packet,0,0,0,0,0
PO-0701-048,2026-07-01,day,course-packet,0,0,0,0,0
PO-0701-049,2026-07-01,day,other,0,0,0,0,0
PO-0701-050,2026-07-01,evening,other,0,0,0,1,1
PO-0701-051,2026-07-01,evening,course-packet,0,1,0,0,1
PO-0701-052,2026-07-01,day,course-packet,0,0,0,0,0
PO-0701-053,2026-07-01,day,flyer-poster,0,0,0,0,0
PO-0701-054,2026-07-01,evening,course-packet,0,0,0,0,0
PO-0701-055,2026-07-01,evening,course-packet,0,0,0,0,0
PO-0701-056,2026-07-01,day,other,1,0,0,0,1
PO-0701-057,2026-07-01,day,flyer-poster,0,0,0,0,0
PO-0701-058,2026-07-01,evening,flyer-poster,0,0,0,0,0
PO-0701-059,2026-07-01,day,other,0,0,0,0,0
PO-0701-060,2026-07-01,day,course-packet,0,0,0,0,0
PO-0701-061,2026-07-01,evening,program-booklet,0,0,0,0,0
PO-0701-062,2026-07-01,day,other,0,0,0,0,0
PO-0701-063,2026-07-01,evening,other,0,0,0,0,0
PO-0701-064,2026-07-01,evening,course-packet,0,0,0,0,0
PO-0701-065,2026-07-01,day,course-packet,0,0,0,0,0
PO-0701-066,2026-07-01,evening,other,0,0,0,0,0
PO-0701-067,2026-07-01,day,course-packet,0,0,0,0,0
PO-0701-068,2026-07-01,evening,flyer-poster,0,0,0,0,0
PO-0701-069,2026-07-01,day,course-packet,0,0,0,0,0
PO-0701-070,2026-07-01,day,program-booklet,0,0,0,0,0
PO-0701-071,2026-07-01,day,course-packet,0,0,0,0,0
PO-0701-072,2026-07-01,day,course-packet,0,0,0,0,0
PO-0701-073,2026-07-01,evening,course-packet,0,0,0,0,0
PO-0701-074,2026-07-01,evening,program-booklet,0,0,0,0,0
PO-0701-075,2026-07-01,evening,flyer-poster,0,0,0,0,0
PO-0701-076,2026-07-01,day,course-packet,0,0,0,0,0
PO-0701-077,2026-07-01,day,course-packet,0,0,0,0,0
PO-0701-078,2026-07-01,day,other,0,0,0,0,0
PO-0701-079,2026-07-01,evening,course-packet,0,0,0,0,0
PO-0701-080,2026-07-01,evening,flyer-poster,0,0,0,0,0
PO-0702-001,2026-07-02,evening,course-packet,0,0,0,0,0
PO-0702-002,2026-07-02,day,course-packet,0,0,0,0,0
PO-0702-003,2026-07-02,day,program-booklet,0,1,0,0,1
PO-0702-004,2026-07-02,evening,other,0,0,0,0,0
PO-0702-005,2026-07-02,day,course-packet,0,0,0,0,0
PO-0702-006,2026-07-02,day,course-packet,0,0,0,0,0
PO-0702-007,2026-07-02,evening,course-packet,0,0,0,0,0
PO-0702-008,2026-07-02,day,course-packet,0,0,0,0,0
PO-0702-009,2026-07-02,evening,flyer-poster,0,0,0,0,0
PO-0702-010,2026-07-02,evening,flyer-poster,0,0,0,0,0
PO-0702-011,2026-07-02,day,other,0,0,0,0,0
PO-0702-012,2026-07-02,evening,course-packet,0,0,0,0,0
PO-0702-013,2026-07-02,day,program-booklet,0,0,0,0,0
PO-0702-014,2026-07-02,day,course-packet,0,0,0,0,0
PO-0702-015,2026-07-02,evening,program-booklet,0,0,0,0,0
PO-0702-016,2026-07-02,day,flyer-poster,0,0,0,0,0
PO-0702-017,2026-07-02,day,flyer-poster,0,0,0,0,0
PO-0702-018,2026-07-02,day,program-booklet,0,0,0,0,0
PO-0702-019,2026-07-02,day,other,0,0,0,0,0
PO-0702-020,2026-07-02,day,course-packet,0,0,0,0,0
PO-0702-021,2026-07-02,day,program-booklet,0,0,0,0,0
PO-0702-022,2026-07-02,day,program-booklet,0,0,0,0,0
PO-0702-023,2026-07-02,day,program-booklet,0,1,0,0,1
PO-0702-024,2026-07-02,evening,course-packet,0,0,0,0,0
PO-0702-025,2026-07-02,day,program-booklet,0,0,0,0,0
PO-0702-026,2026-07-02,evening,course-packet,0,0,0,0,0
PO-0702-027,2026-07-02,day,course-packet,0,0,0,0,0
PO-0702-028,2026-07-02,evening,course-packet,0,0,0,0,0
PO-0702-029,2026-07-02,day,other,0,0,0,0,0
PO-0702-030,2026-07-02,day,course-packet,0,0,0,0,0
PO-0702-031,2026-07-02,evening,flyer-poster,0,0,0,0,0
PO-0702-032,2026-07-02,day,other,0,0,0,0,0
PO-0702-033,2026-07-02,evening,program-booklet,0,0,0,0,0
PO-0702-034,2026-07-02,evening,program-booklet,0,0,0,0,0
PO-0702-035,2026-07-02,evening,other,0,0,0,0,0
PO-0702-036,2026-07-02,evening,course-packet,0,0,0,0,0
PO-0702-037,2026-07-02,day,other,0,0,0,0,0
PO-0702-038,2026-07-02,day,other,0,0,0,0,0
PO-0702-039,2026-07-02,evening,course-packet,0,0,0,0,0
PO-0702-040,2026-07-02,evening,course-packet,0,0,0,0,0
PO-0702-041,2026-07-02,evening,other,0,0,0,0,0
PO-0702-042,2026-07-02,day,other,0,0,0,0,0
PO-0702-043,2026-07-02,day,course-packet,0,0,0,0,0
PO-0702-044,2026-07-02,day,course-packet,0,0,0,0,0
PO-0702-045,2026-07-02,day,program-booklet,0,0,0,0,0
PO-0702-046,2026-07-02,day,flyer-poster,0,0,0,0,0
PO-0702-047,2026-07-02,evening,course-packet,0,0,0,0,0
PO-0702-048,2026-07-02,evening,course-packet,0,0,0,0,0
PO-0702-049,2026-07-02,day,flyer-poster,0,0,0,0,0
PO-0702-050,2026-07-02,day,flyer-poster,0,0,0,0,0
PO-0702-051,2026-07-02,day,other,0,0,0,0,0
PO-0702-052,2026-07-02,day,program-booklet,0,0,0,0,0
PO-0702-053,2026-07-02,day,program-booklet,0,0,0,0,0
PO-0702-054,2026-07-02,day,course-packet,0,0,0,0,0
PO-0702-055,2026-07-02,evening,other,0,0,0,0,0
PO-0702-056,2026-07-02,day,course-packet,0,0,0,0,0
PO-0702-057,2026-07-02,day,flyer-poster,0,0,0,0,0
PO-0702-058,2026-07-02,day,course-packet,0,0,0,0,0
PO-0702-059,2026-07-02,day,course-packet,0,0,0,0,0
PO-0702-060,2026-07-02,day,flyer-poster,1,0,0,0,1
PO-0702-061,2026-07-02,evening,other,0,0,0,0,0
PO-0702-062,2026-07-02,evening,program-booklet,0,0,0,0,0
PO-0702-063,2026-07-02,evening,program-booklet,0,0,0,0,0
PO-0703-001,2026-07-03,day,program-booklet,0,0,0,0,0
PO-0703-002,2026-07-03,evening,flyer-poster,0,0,0,0,0
PO-0703-003,2026-07-03,day,course-packet,0,0,0,0,0
PO-0703-004,2026-07-03,evening,course-packet,0,0,0,0,0
PO-0703-005,2026-07-03,evening,flyer-poster,0,0,0,0,0
PO-0703-006,2026-07-03,day,program-booklet,0,0,0,0,0
PO-0703-007,2026-07-03,day,program-booklet,0,0,0,0,0
PO-0703-008,2026-07-03,evening,other,0,0,0,0,0
PO-0703-009,2026-07-03,evening,other,0,0,0,0,0
PO-0703-010,2026-07-03,evening,course-packet,0,0,0,0,0
PO-0703-011,2026-07-03,evening,flyer-poster,0,0,0,0,0
PO-0703-012,2026-07-03,day,program-booklet,0,0,0,0,0
PO-0703-013,2026-07-03,evening,course-packet,0,0,0,0,0
PO-0703-014,2026-07-03,day,program-booklet,0,0,0,0,0
PO-0703-015,2026-07-03,day,flyer-poster,0,0,0,0,0
PO-0703-016,2026-07-03,evening,other,0,0,0,0,0
PO-0703-017,2026-07-03,evening,flyer-poster,0,0,0,0,0
PO-0703-018,2026-07-03,day,other,0,0,0,0,0
PO-0703-019,2026-07-03,day,flyer-poster,0,0,0,0,0
PO-0703-020,2026-07-03,day,course-packet,0,0,0,0,0
PO-0703-021,2026-07-03,evening,flyer-poster,0,0,0,0,0
PO-0703-022,2026-07-03,day,flyer-poster,0,0,0,0,0
PO-0703-023,2026-07-03,evening,other,0,0,0,0,0
PO-0703-024,2026-07-03,day,course-packet,0,0,0,0,0
PO-0703-025,2026-07-03,day,course-packet,0,0,0,0,0
PO-0703-026,2026-07-03,day,course-packet,0,0,0,0,0
PO-0703-027,2026-07-03,evening,course-packet,0,0,0,0,0
PO-0703-028,2026-07-03,day,other,0,0,0,0,0
PO-0703-029,2026-07-03,day,course-packet,0,0,0,0,0
PO-0703-030,2026-07-03,evening,course-packet,0,0,0,0,0
PO-0703-031,2026-07-03,evening,course-packet,0,0,0,0,0
PO-0703-032,2026-07-03,evening,course-packet,0,0,0,0,0
PO-0703-033,2026-07-03,evening,course-packet,0,0,0,0,0
PO-0703-034,2026-07-03,evening,flyer-poster,0,0,0,0,0
PO-0703-035,2026-07-03,day,flyer-poster,0,0,0,0,0
PO-0703-036,2026-07-03,evening,course-packet,0,0,0,0,0
PO-0703-037,2026-07-03,day,course-packet,0,0,0,0,0
PO-0703-038,2026-07-03,day,course-packet,0,0,0,0,0
PO-0703-039,2026-07-03,day,other,1,0,0,0,1
PO-0703-040,2026-07-03,day,other,0,0,0,0,0
PO-0703-041,2026-07-03,evening,other,0,0,0,0,0
PO-0703-042,2026-07-03,evening,other,0,1,0,0,1
PO-0703-043,2026-07-03,day,program-booklet,0,0,0,0,0
PO-0703-044,2026-07-03,evening,course-packet,0,0,0,0,0
PO-0703-045,2026-07-03,day,flyer-poster,0,0,0,0,0
PO-0703-046,2026-07-03,day,other,0,0,0,0,0
PO-0703-047,2026-07-03,day,other,0,0,0,0,0
PO-0703-048,2026-07-03,day,program-booklet,0,0,0,0,0
PO-0703-049,2026-07-03,evening,program-booklet,0,0,0,0,0
PO-0703-050,2026-07-03,day,course-packet,0,0,0,0,0
PO-0703-051,2026-07-03,day,course-packet,0,0,0,0,0
PO-0703-052,2026-07-03,day,other,0,0,0,0,0
PO-0703-053,2026-07-03,day,course-packet,0,0,0,0,0
PO-0703-054,2026-07-03,day,program-booklet,0,0,0,0,0
PO-0703-055,2026-07-03,day,other,0,0,0,0,0
PO-0703-056,2026-07-03,day,program-booklet,0,0,0,0,0
PO-0703-057,2026-07-03,day,course-packet,0,0,0,0,0
PO-0703-058,2026-07-03,day,other,0,0,0,0,0
PO-0703-059,2026-07-03,day,other,0,0,0,0,0
PO-0703-060,2026-07-03,evening,program-booklet,0,0,0,0,0
PO-0703-061,2026-07-03,day,course-packet,0,0,0,0,0
PO-0703-062,2026-07-03,day,program-booklet,0,0,0,0,0
PO-0703-063,2026-07-03,day,other,0,0,0,0,0
PO-0703-064,2026-07-03,day,program-booklet,0,0,0,0,0
PO-0703-065,2026-07-03,day,flyer-poster,0,0,0,0,0
PO-0703-066,2026-07-03,day,course-packet,0,0,0,0,0
PO-0703-067,2026-07-03,day,program-booklet,0,0,0,0,0
PO-0703-068,2026-07-03,evening,program-booklet,0,0,0,0,0
PO-0703-069,2026-07-03,evening,course-packet,0,0,0,0,0
PO-0703-070,2026-07-03,day,course-packet,0,0,0,0,0
PO-0703-071,2026-07-03,day,program-booklet,0,0,0,0,0
PO-0703-072,2026-07-03,evening,flyer-poster,0,0,0,0,0
PO-0703-073,2026-07-03,day,flyer-poster,0,0,0,0,0
PO-0703-074,2026-07-03,day,flyer-poster,0,0,0,0,0
PO-0703-075,2026-07-03,day,flyer-poster,0,0,0,0,0
PO-0703-076,2026-07-03,evening,other,1,0,0,0,1
PO-0703-077,2026-07-03,day,program-booklet,0,0,0,0,0
PO-0703-078,2026-07-03,day,course-packet,0,0,0,0,0
PO-0703-079,2026-07-03,day,course-packet,0,1,0,0,1
PO-0703-080,2026-07-03,day,course-packet,0,0,0,0,0
PO-0703-081,2026-07-03,day,flyer-poster,0,0,0,0,0
PO-0703-082,2026-07-03,evening,course-packet,0,0,0,0,0
PO-0703-083,2026-07-03,day,flyer-poster,0,0,0,0,0
PO-0703-084,2026-07-03,day,other,0,0,0,0,0
PO-0703-085,2026-07-03,day,program-booklet,0,0,0,0,0
PO-0703-086,2026-07-03,evening,program-booklet,0,0,0,0,0
PO-0703-087,2026-07-03,evening,course-packet,0,0,0,0,0
PO-0703-088,2026-07-03,day,course-packet,0,0,0,0,0
PO-0703-089,2026-07-03,day,course-packet,0,0,0,0,0
PO-0703-090,2026-07-03,evening,program-booklet,0,0,0,0,0
PO-0704-001,2026-07-04,day,program-booklet,0,0,0,0,0
PO-0704-002,2026-07-04,day,other,0,0,0,0,0
PO-0704-003,2026-07-04,day,flyer-poster,0,0,0,0,0
PO-0704-004,2026-07-04,evening,course-packet,0,0,0,0,0
PO-0704-005,2026-07-04,evening,program-booklet,0,0,0,0,0
PO-0704-006,2026-07-04,day,program-booklet,0,0,0,0,0
PO-0704-007,2026-07-04,day,program-booklet,0,0,0,0,0
PO-0704-008,2026-07-04,evening,course-packet,0,0,0,0,0
PO-0704-009,2026-07-04,day,course-packet,0,0,0,0,0
PO-0704-010,2026-07-04,day,other,0,0,0,0,0
PO-0704-011,2026-07-04,evening,other,0,0,0,0,0
PO-0704-012,2026-07-04,evening,course-packet,0,0,0,0,0
PO-0704-013,2026-07-04,day,other,0,0,0,0,0
PO-0704-014,2026-07-04,day,flyer-poster,0,0,0,0,0
PO-0704-015,2026-07-04,day,program-booklet,0,0,0,0,0
PO-0704-016,2026-07-04,day,flyer-poster,0,0,0,0,0
PO-0704-017,2026-07-04,evening,flyer-poster,0,0,0,0,0
PO-0704-018,2026-07-04,evening,course-packet,0,0,0,0,0
PO-0704-019,2026-07-04,day,program-booklet,0,1,0,0,1
PO-0704-020,2026-07-04,day,program-booklet,0,0,0,0,0
PO-0704-021,2026-07-04,day,program-booklet,0,0,0,0,0
PO-0704-022,2026-07-04,day,program-booklet,1,0,0,0,1
PO-0704-023,2026-07-04,day,flyer-poster,0,0,0,0,0
PO-0704-024,2026-07-04,day,flyer-poster,0,0,0,0,0
PO-0704-025,2026-07-04,evening,program-booklet,0,0,0,0,0
PO-0704-026,2026-07-04,evening,program-booklet,0,0,0,0,0
PO-0704-027,2026-07-04,evening,flyer-poster,0,0,0,0,0
PO-0704-028,2026-07-04,evening,flyer-poster,0,0,0,0,0
PO-0704-029,2026-07-04,evening,program-booklet,0,0,0,0,0
PO-0704-030,2026-07-04,day,course-packet,0,0,0,0,0
PO-0704-031,2026-07-04,evening,course-packet,0,0,0,0,0
PO-0704-032,2026-07-04,day,flyer-poster,0,0,0,0,0
PO-0704-033,2026-07-04,evening,flyer-poster,0,0,0,0,0
PO-0704-034,2026-07-04,evening,course-packet,0,0,0,0,0
PO-0704-035,2026-07-04,day,program-booklet,0,0,0,0,0
PO-0704-036,2026-07-04,day,flyer-poster,0,0,0,0,0
PO-0704-037,2026-07-04,evening,flyer-poster,0,0,0,0,0
PO-0704-038,2026-07-04,day,course-packet,0,0,0,0,0
PO-0704-039,2026-07-04,day,program-booklet,0,0,0,0,0
PO-0704-040,2026-07-04,evening,other,0,0,0,0,0
PO-0704-041,2026-07-04,day,other,0,0,0,0,0
PO-0704-042,2026-07-04,day,flyer-poster,0,0,0,0,0
PO-0704-043,2026-07-04,day,program-booklet,0,0,0,0,0
PO-0704-044,2026-07-04,day,program-booklet,0,0,0,0,0
PO-0704-045,2026-07-04,evening,course-packet,0,0,0,0,0
PO-0704-046,2026-07-04,day,program-booklet,0,0,0,0,0
PO-0704-047,2026-07-04,evening,flyer-poster,0,0,0,0,0
PO-0704-048,2026-07-04,day,course-packet,0,1,0,0,1
PO-0704-049,2026-07-04,day,course-packet,0,0,0,0,0
PO-0704-050,2026-07-04,day,course-packet,0,0,0,0,0
PO-0704-051,2026-07-04,day,other,0,0,0,0,0
PO-0704-052,2026-07-04,evening,flyer-poster,0,0,0,0,0
PO-0704-053,2026-07-04,day,other,0,0,0,0,0
PO-0704-054,2026-07-04,day,other,1,0,0,0,1
PO-0704-055,2026-07-04,evening,other,0,0,0,0,0
PO-0704-056,2026-07-04,day,course-packet,0,0,0,0,0
PO-0704-057,2026-07-04,day,flyer-poster,0,0,0,0,0
PO-0704-058,2026-07-04,day,course-packet,0,0,0,0,0
PO-0706-001,2026-07-06,evening,course-packet,0,0,0,0,0
PO-0706-002,2026-07-06,evening,flyer-poster,0,0,0,0,0
PO-0706-003,2026-07-06,day,course-packet,0,0,0,0,0
PO-0706-004,2026-07-06,day,other,0,0,0,0,0
PO-0706-005,2026-07-06,evening,flyer-poster,0,0,0,0,0
PO-0706-006,2026-07-06,evening,course-packet,0,0,0,0,0
PO-0706-007,2026-07-06,day,flyer-poster,0,0,0,0,0
PO-0706-008,2026-07-06,evening,flyer-poster,0,0,0,0,0
PO-0706-009,2026-07-06,evening,other,0,0,0,0,0
PO-0706-010,2026-07-06,day,course-packet,0,0,0,0,0
PO-0706-011,2026-07-06,day,flyer-poster,0,0,0,0,0
PO-0706-012,2026-07-06,evening,course-packet,0,0,0,0,0
PO-0706-013,2026-07-06,day,program-booklet,0,0,0,0,0
PO-0706-014,2026-07-06,day,course-packet,0,0,0,0,0
PO-0706-015,2026-07-06,day,flyer-poster,0,0,0,0,0
PO-0706-016,2026-07-06,evening,course-packet,0,0,0,0,0
PO-0706-017,2026-07-06,day,course-packet,0,0,0,0,0
PO-0706-018,2026-07-06,day,course-packet,0,0,0,0,0
PO-0706-019,2026-07-06,evening,program-booklet,0,0,0,0,0
PO-0706-020,2026-07-06,evening,other,1,0,0,0,1
PO-0706-021,2026-07-06,evening,flyer-poster,0,0,0,0,0
PO-0706-022,2026-07-06,day,program-booklet,0,0,0,0,0
PO-0706-023,2026-07-06,evening,flyer-poster,0,0,0,0,0
PO-0706-024,2026-07-06,evening,course-packet,0,0,0,0,0
PO-0706-025,2026-07-06,day,flyer-poster,0,0,0,0,0
PO-0706-026,2026-07-06,evening,program-booklet,0,0,0,0,0
PO-0706-027,2026-07-06,evening,course-packet,0,0,0,0,0
PO-0706-028,2026-07-06,evening,course-packet,0,0,0,0,0
PO-0706-029,2026-07-06,day,program-booklet,0,0,0,0,0
PO-0706-030,2026-07-06,day,course-packet,0,0,0,0,0
PO-0706-031,2026-07-06,day,course-packet,0,0,0,0,0
PO-0706-032,2026-07-06,evening,course-packet,0,0,0,0,0
PO-0706-033,2026-07-06,evening,course-packet,0,0,0,0,0
PO-0706-034,2026-07-06,day,course-packet,0,0,0,0,0
PO-0706-035,2026-07-06,evening,course-packet,0,0,0,0,0
PO-0706-036,2026-07-06,evening,course-packet,0,0,0,0,0
PO-0706-037,2026-07-06,evening,flyer-poster,0,0,0,0,0
PO-0706-038,2026-07-06,day,flyer-poster,0,0,0,0,0
PO-0706-039,2026-07-06,evening,course-packet,0,0,0,0,0
PO-0706-040,2026-07-06,evening,course-packet,0,0,0,0,0
PO-0706-041,2026-07-06,evening,course-packet,0,0,0,0,0
PO-0706-042,2026-07-06,day,flyer-poster,0,1,0,0,1
PO-0706-043,2026-07-06,day,course-packet,0,0,0,0,0
PO-0706-044,2026-07-06,day,course-packet,0,1,0,0,1
PO-0706-045,2026-07-06,day,program-booklet,0,0,0,0,0
PO-0706-046,2026-07-06,evening,other,0,0,0,0,0
PO-0706-047,2026-07-06,day,flyer-poster,0,0,0,0,0
PO-0706-048,2026-07-06,day,course-packet,0,0,0,0,0
PO-0706-049,2026-07-06,evening,course-packet,0,0,0,0,0
PO-0706-050,2026-07-06,day,other,0,0,0,0,0
PO-0706-051,2026-07-06,evening,flyer-poster,0,0,0,0,0
PO-0706-052,2026-07-06,day,other,0,0,0,0,0
PO-0706-053,2026-07-06,evening,flyer-poster,0,0,0,0,0
PO-0706-054,2026-07-06,day,flyer-poster,1,0,0,0,1
PO-0706-055,2026-07-06,day,course-packet,0,0,0,0,0
PO-0706-056,2026-07-06,day,course-packet,1,0,0,0,1
PO-0706-057,2026-07-06,day,other,0,0,0,0,0
PO-0706-058,2026-07-06,day,course-packet,0,0,0,0,0
PO-0706-059,2026-07-06,day,other,0,0,0,0,0
PO-0706-060,2026-07-06,day,course-packet,0,0,0,0,0
PO-0706-061,2026-07-06,evening,other,0,0,0,0,0
PO-0706-062,2026-07-06,evening,course-packet,0,0,0,0,0
PO-0706-063,2026-07-06,evening,flyer-poster,0,0,0,0,0
PO-0706-064,2026-07-06,evening,other,0,0,0,0,0
PO-0706-065,2026-07-06,day,flyer-poster,0,0,0,0,0
PO-0706-066,2026-07-06,day,flyer-poster,0,0,0,0,0
PO-0706-067,2026-07-06,day,course-packet,0,0,0,0,0
PO-0706-068,2026-07-06,evening,program-booklet,0,0,0,0,0
PO-0706-069,2026-07-06,evening,flyer-poster,0,0,0,0,0
PO-0706-070,2026-07-06,day,flyer-poster,0,0,0,0,0
PO-0706-071,2026-07-06,day,other,0,0,0,0,0
PO-0706-072,2026-07-06,day,flyer-poster,0,0,0,0,0
PO-0706-073,2026-07-06,evening,flyer-poster,1,0,0,0,1
PO-0706-074,2026-07-06,evening,program-booklet,0,0,0,0,0
PO-0706-075,2026-07-06,evening,program-booklet,1,0,0,0,1
PO-0706-076,2026-07-06,evening,course-packet,0,0,0,0,0
PO-0706-077,2026-07-06,day,course-packet,0,0,0,0,0
PO-0706-078,2026-07-06,day,other,0,0,0,0,0
PO-0706-079,2026-07-06,day,program-booklet,0,0,0,0,0
PO-0706-080,2026-07-06,day,flyer-poster,0,1,0,0,1
PO-0707-001,2026-07-07,evening,program-booklet,0,0,0,0,0
PO-0707-002,2026-07-07,day,flyer-poster,0,0,0,0,0
PO-0707-003,2026-07-07,day,flyer-poster,0,0,0,0,0
PO-0707-004,2026-07-07,day,program-booklet,0,0,0,0,0
PO-0707-005,2026-07-07,evening,other,0,0,1,0,1
PO-0707-006,2026-07-07,day,course-packet,0,0,0,0,0
PO-0707-007,2026-07-07,day,course-packet,0,0,0,0,0
PO-0707-008,2026-07-07,day,course-packet,0,0,0,0,0
PO-0707-009,2026-07-07,day,flyer-poster,0,0,0,0,0
PO-0707-010,2026-07-07,evening,flyer-poster,0,0,0,0,0
PO-0707-011,2026-07-07,evening,course-packet,0,0,0,0,0
PO-0707-012,2026-07-07,day,course-packet,0,1,0,0,1
PO-0707-013,2026-07-07,evening,program-booklet,0,0,0,0,0
PO-0707-014,2026-07-07,day,program-booklet,0,0,0,0,0
PO-0707-015,2026-07-07,evening,flyer-poster,0,0,0,0,0
PO-0707-016,2026-07-07,evening,other,0,0,0,0,0
PO-0707-017,2026-07-07,evening,course-packet,0,0,0,0,0
PO-0707-018,2026-07-07,evening,course-packet,0,0,0,0,0
PO-0707-019,2026-07-07,day,other,0,0,0,0,0
PO-0707-020,2026-07-07,evening,flyer-poster,0,0,0,0,0
PO-0707-021,2026-07-07,day,other,0,0,0,0,0
PO-0707-022,2026-07-07,day,course-packet,0,0,0,0,0
PO-0707-023,2026-07-07,evening,program-booklet,0,0,0,0,0
PO-0707-024,2026-07-07,day,program-booklet,0,0,0,0,0
PO-0707-025,2026-07-07,day,course-packet,0,0,0,0,0
PO-0707-026,2026-07-07,day,course-packet,0,0,0,0,0
PO-0707-027,2026-07-07,evening,flyer-poster,0,0,0,0,0
PO-0707-028,2026-07-07,day,flyer-poster,0,0,0,0,0
PO-0707-029,2026-07-07,evening,course-packet,0,0,0,0,0
PO-0707-030,2026-07-07,evening,flyer-poster,0,0,0,0,0
PO-0707-031,2026-07-07,evening,other,0,0,0,0,0
PO-0707-032,2026-07-07,day,course-packet,0,0,0,0,0
PO-0707-033,2026-07-07,evening,course-packet,0,0,0,0,0
PO-0707-034,2026-07-07,day,program-booklet,1,0,0,0,1
PO-0707-035,2026-07-07,evening,flyer-poster,0,0,0,0,0
PO-0707-036,2026-07-07,evening,other,0,0,0,0,0
PO-0707-037,2026-07-07,day,flyer-poster,1,0,0,0,1
PO-0707-038,2026-07-07,day,course-packet,0,0,0,0,0
PO-0707-039,2026-07-07,day,flyer-poster,1,0,0,0,1
PO-0707-040,2026-07-07,day,course-packet,0,0,0,0,0
PO-0707-041,2026-07-07,day,flyer-poster,0,0,0,0,0
PO-0707-042,2026-07-07,day,program-booklet,0,0,0,0,0
PO-0707-043,2026-07-07,day,other,0,0,0,0,0
PO-0707-044,2026-07-07,day,flyer-poster,1,0,0,0,1
PO-0707-045,2026-07-07,day,flyer-poster,0,0,0,0,0
PO-0707-046,2026-07-07,evening,program-booklet,0,0,0,0,0
PO-0707-047,2026-07-07,day,program-booklet,0,0,0,0,0
PO-0707-048,2026-07-07,evening,course-packet,0,0,0,0,0
PO-0707-049,2026-07-07,evening,program-booklet,0,0,0,0,0
PO-0707-050,2026-07-07,evening,course-packet,0,0,0,0,0
PO-0707-051,2026-07-07,day,course-packet,0,0,0,0,0
PO-0707-052,2026-07-07,evening,flyer-poster,0,0,0,0,0
PO-0707-053,2026-07-07,evening,other,0,0,0,0,0
PO-0707-054,2026-07-07,evening,flyer-poster,0,0,0,0,0
PO-0707-055,2026-07-07,day,program-booklet,0,0,0,0,0
PO-0707-056,2026-07-07,evening,other,0,0,0,0,0
PO-0707-057,2026-07-07,day,flyer-poster,0,0,0,0,0
PO-0707-058,2026-07-07,evening,other,0,1,0,0,1
PO-0707-059,2026-07-07,evening,other,0,0,0,0,0
PO-0707-060,2026-07-07,day,course-packet,0,0,0,0,0
PO-0707-061,2026-07-07,day,flyer-poster,0,0,0,0,0
PO-0707-062,2026-07-07,evening,course-packet,0,0,0,0,0
PO-0707-063,2026-07-07,evening,course-packet,0,0,0,0,0
PO-0707-064,2026-07-07,evening,flyer-poster,0,0,0,0,0
PO-0707-065,2026-07-07,evening,flyer-poster,0,0,0,0,0
PO-0707-066,2026-07-07,evening,program-booklet,0,0,0,0,0
PO-0707-067,2026-07-07,day,course-packet,0,1,0,0,1
PO-0707-068,2026-07-07,day,flyer-poster,0,0,0,0,0
PO-0707-069,2026-07-07,evening,flyer-poster,0,0,0,0,0
PO-0708-001,2026-07-08,day,course-packet,0,0,0,0,0
PO-0708-002,2026-07-08,evening,program-booklet,0,0,0,0,0
PO-0708-003,2026-07-08,evening,course-packet,0,0,0,0,0
PO-0708-004,2026-07-08,evening,other,0,0,0,0,0
PO-0708-005,2026-07-08,day,program-booklet,0,0,0,0,0
PO-0708-006,2026-07-08,day,course-packet,0,0,0,0,0
PO-0708-007,2026-07-08,evening,flyer-poster,0,0,0,0,0
PO-0708-008,2026-07-08,evening,flyer-poster,0,0,0,0,0
PO-0708-009,2026-07-08,day,course-packet,0,0,0,0,0
PO-0708-010,2026-07-08,evening,course-packet,0,0,0,0,0
PO-0708-011,2026-07-08,day,flyer-poster,0,0,0,0,0
PO-0708-012,2026-07-08,day,course-packet,0,0,0,0,0
PO-0708-013,2026-07-08,evening,flyer-poster,0,0,0,0,0
PO-0708-014,2026-07-08,evening,other,0,0,0,0,0
PO-0708-015,2026-07-08,evening,other,0,0,0,0,0
PO-0708-016,2026-07-08,day,course-packet,0,0,0,0,0
PO-0708-017,2026-07-08,day,program-booklet,1,0,0,0,1
PO-0708-018,2026-07-08,evening,other,0,0,0,0,0
PO-0708-019,2026-07-08,evening,program-booklet,0,0,0,0,0
PO-0708-020,2026-07-08,evening,other,0,0,0,0,0
PO-0708-021,2026-07-08,day,flyer-poster,0,0,1,0,1
PO-0708-022,2026-07-08,day,program-booklet,0,0,0,0,0
PO-0708-023,2026-07-08,evening,other,1,0,0,0,1
PO-0708-024,2026-07-08,day,other,0,0,0,0,0
PO-0708-025,2026-07-08,day,course-packet,0,0,0,0,0
PO-0708-026,2026-07-08,day,course-packet,0,0,0,0,0
PO-0708-027,2026-07-08,day,flyer-poster,0,0,0,0,0
PO-0708-028,2026-07-08,day,course-packet,0,0,0,0,0
PO-0708-029,2026-07-08,evening,course-packet,0,0,0,0,0
PO-0708-030,2026-07-08,evening,program-booklet,0,0,0,0,0
PO-0708-031,2026-07-08,evening,course-packet,0,0,0,0,0
PO-0708-032,2026-07-08,day,course-packet,0,0,0,0,0
PO-0708-033,2026-07-08,day,program-booklet,0,0,0,0,0
PO-0708-034,2026-07-08,day,flyer-poster,0,0,0,0,0
PO-0708-035,2026-07-08,day,course-packet,0,0,0,0,0
PO-0708-036,2026-07-08,day,program-booklet,1,1,0,0,1
PO-0708-037,2026-07-08,day,flyer-poster,0,0,0,0,0
PO-0708-038,2026-07-08,evening,flyer-poster,0,1,0,0,1
PO-0708-039,2026-07-08,evening,course-packet,0,0,0,0,0
PO-0708-040,2026-07-08,day,other,0,0,0,0,0
PO-0708-041,2026-07-08,day,flyer-poster,0,0,0,0,0
PO-0708-042,2026-07-08,evening,other,0,0,0,0,0
PO-0708-043,2026-07-08,evening,course-packet,0,0,0,0,0
PO-0708-044,2026-07-08,day,course-packet,0,0,1,0,1
PO-0708-045,2026-07-08,day,program-booklet,0,0,0,0,0
PO-0708-046,2026-07-08,evening,course-packet,0,0,0,0,0
PO-0708-047,2026-07-08,evening,course-packet,0,0,0,0,0
PO-0708-048,2026-07-08,day,other,0,0,0,0,0
PO-0708-049,2026-07-08,day,flyer-poster,0,0,0,0,0
PO-0708-050,2026-07-08,day,program-booklet,0,0,0,0,0
PO-0708-051,2026-07-08,day,other,0,0,0,0,0
PO-0708-052,2026-07-08,evening,course-packet,0,0,0,0,0
PO-0708-053,2026-07-08,day,flyer-poster,0,0,0,0,0
PO-0708-054,2026-07-08,evening,course-packet,0,0,0,0,0
PO-0708-055,2026-07-08,day,flyer-poster,0,1,0,0,1
PO-0708-056,2026-07-08,day,flyer-poster,0,0,0,0,0
PO-0708-057,2026-07-08,evening,other,0,0,0,0,0
PO-0708-058,2026-07-08,evening,flyer-poster,0,0,0,0,0
PO-0708-059,2026-07-08,day,course-packet,0,0,0,0,0
PO-0708-060,2026-07-08,evening,course-packet,0,0,0,0,0
PO-0708-061,2026-07-08,day,course-packet,0,0,0,0,0
PO-0708-062,2026-07-08,day,flyer-poster,0,0,0,0,0
PO-0708-063,2026-07-08,evening,course-packet,0,0,0,0,0
PO-0708-064,2026-07-08,evening,flyer-poster,0,0,0,0,0
PO-0708-065,2026-07-08,evening,course-packet,1,0,0,0,1
PO-0708-066,2026-07-08,day,program-booklet,0,0,0,0,0
PO-0708-067,2026-07-08,day,flyer-poster,0,0,0,0,0
PO-0709-001,2026-07-09,day,course-packet,0,0,0,0,0
PO-0709-002,2026-07-09,day,other,0,0,0,0,0
PO-0709-003,2026-07-09,evening,program-booklet,0,0,0,0,0
PO-0709-004,2026-07-09,day,flyer-poster,0,0,0,0,0
PO-0709-005,2026-07-09,day,program-booklet,0,0,0,0,0
PO-0709-006,2026-07-09,day,flyer-poster,0,0,0,0,0
PO-0709-007,2026-07-09,evening,course-packet,0,1,0,0,1
PO-0709-008,2026-07-09,evening,course-packet,0,0,0,0,0
PO-0709-009,2026-07-09,evening,flyer-poster,0,0,0,0,0
PO-0709-010,2026-07-09,day,flyer-poster,0,0,0,0,0
PO-0709-011,2026-07-09,day,other,0,0,0,0,0
PO-0709-012,2026-07-09,day,course-packet,0,0,0,0,0
PO-0709-013,2026-07-09,evening,program-booklet,0,0,0,0,0
PO-0709-014,2026-07-09,day,course-packet,0,0,0,0,0
PO-0709-015,2026-07-09,evening,course-packet,0,0,0,0,0
PO-0709-016,2026-07-09,evening,course-packet,0,0,0,0,0
PO-0709-017,2026-07-09,evening,flyer-poster,0,0,0,0,0
PO-0709-018,2026-07-09,day,flyer-poster,0,0,0,0,0
PO-0709-019,2026-07-09,day,course-packet,0,0,0,0,0
PO-0709-020,2026-07-09,day,course-packet,0,0,0,0,0
PO-0709-021,2026-07-09,evening,program-booklet,0,0,0,0,0
PO-0709-022,2026-07-09,day,course-packet,0,0,0,0,0
PO-0709-023,2026-07-09,day,program-booklet,0,0,0,0,0
PO-0709-024,2026-07-09,day,flyer-poster,0,1,0,0,1
PO-0709-025,2026-07-09,day,flyer-poster,0,0,0,0,0
PO-0709-026,2026-07-09,evening,course-packet,0,0,0,0,0
PO-0709-027,2026-07-09,evening,other,0,0,0,0,0
PO-0709-028,2026-07-09,day,course-packet,0,0,0,0,0
PO-0709-029,2026-07-09,evening,flyer-poster,0,0,0,0,0
PO-0709-030,2026-07-09,evening,flyer-poster,0,0,0,0,0
PO-0709-031,2026-07-09,day,program-booklet,0,0,0,0,0
PO-0709-032,2026-07-09,day,flyer-poster,0,0,0,0,0
PO-0709-033,2026-07-09,evening,program-booklet,0,0,0,0,0
PO-0709-034,2026-07-09,day,course-packet,0,0,0,0,0
PO-0709-035,2026-07-09,day,other,0,0,0,0,0
PO-0709-036,2026-07-09,day,other,0,0,0,0,0
PO-0709-037,2026-07-09,day,flyer-poster,0,0,0,0,0
PO-0709-038,2026-07-09,evening,course-packet,0,0,0,0,0
PO-0709-039,2026-07-09,evening,program-booklet,0,0,0,0,0
PO-0709-040,2026-07-09,day,flyer-poster,0,0,0,1,1
PO-0709-041,2026-07-09,evening,course-packet,0,0,0,0,0
PO-0709-042,2026-07-09,day,course-packet,0,0,0,0,0
PO-0709-043,2026-07-09,day,other,0,0,0,0,0
PO-0709-044,2026-07-09,day,flyer-poster,0,0,0,0,0
PO-0709-045,2026-07-09,evening,flyer-poster,0,0,0,0,0
PO-0709-046,2026-07-09,day,flyer-poster,0,0,0,0,0
PO-0709-047,2026-07-09,evening,program-booklet,0,0,0,0,0
PO-0709-048,2026-07-09,evening,other,0,0,0,0,0
PO-0709-049,2026-07-09,evening,other,0,0,0,0,0
PO-0709-050,2026-07-09,day,program-booklet,0,0,0,0,0
PO-0709-051,2026-07-09,day,program-booklet,0,0,0,0,0
PO-0709-052,2026-07-09,evening,other,0,0,0,0,0
PO-0709-053,2026-07-09,day,program-booklet,0,0,0,0,0
PO-0709-054,2026-07-09,day,course-packet,0,0,0,0,0
PO-0709-055,2026-07-09,day,flyer-poster,0,0,0,0,0
PO-0709-056,2026-07-09,day,program-booklet,0,0,0,0,0
PO-0709-057,2026-07-09,day,flyer-poster,0,0,0,0,0
PO-0709-058,2026-07-09,evening,other,0,0,0,0,0
PO-0709-059,2026-07-09,evening,flyer-poster,0,0,0,0,0
PO-0709-060,2026-07-09,day,program-booklet,0,0,0,0,0
PO-0709-061,2026-07-09,evening,flyer-poster,0,0,0,0,0
PO-0709-062,2026-07-09,day,program-booklet,0,0,0,0,0
PO-0709-063,2026-07-09,evening,flyer-poster,0,0,0,0,0
PO-0709-064,2026-07-09,day,course-packet,0,0,0,0,0
PO-0709-065,2026-07-09,evening,program-booklet,0,0,0,0,0
PO-0709-066,2026-07-09,evening,flyer-poster,0,0,0,0,0
PO-0709-067,2026-07-09,day,flyer-poster,0,0,0,0,0
PO-0709-068,2026-07-09,day,other,0,0,0,0,0
PO-0709-069,2026-07-09,day,flyer-poster,0,0,0,0,0
PO-0709-070,2026-07-09,day,flyer-poster,0,0,0,0,0
PO-0709-071,2026-07-09,day,course-packet,0,0,0,0,0
PO-0709-072,2026-07-09,evening,course-packet,0,0,0,0,0
PO-0709-073,2026-07-09,day,flyer-poster,0,0,0,0,0
PO-0709-074,2026-07-09,evening,program-booklet,0,0,0,0,0
PO-0709-075,2026-07-09,day,program-booklet,0,0,0,0,0
PO-0709-076,2026-07-09,day,course-packet,0,0,0,0,0
PO-0709-077,2026-07-09,day,course-packet,0,0,0,0,0
PO-0709-078,2026-07-09,day,course-packet,0,0,0,0,0
PO-0709-079,2026-07-09,evening,flyer-poster,0,0,0,0,0
PO-0710-001,2026-07-10,day,course-packet,0,0,0,0,0
PO-0710-002,2026-07-10,evening,flyer-poster,0,0,0,0,0
PO-0710-003,2026-07-10,day,course-packet,0,0,0,0,0
PO-0710-004,2026-07-10,day,program-booklet,0,0,0,0,0
PO-0710-005,2026-07-10,day,course-packet,0,0,0,0,0
PO-0710-006,2026-07-10,evening,course-packet,0,0,0,0,0
PO-0710-007,2026-07-10,day,course-packet,0,0,0,0,0
PO-0710-008,2026-07-10,day,flyer-poster,0,0,0,0,0
PO-0710-009,2026-07-10,evening,course-packet,0,0,0,0,0
PO-0710-010,2026-07-10,evening,course-packet,0,0,0,0,0
PO-0710-011,2026-07-10,day,course-packet,0,0,0,0,0
PO-0710-012,2026-07-10,evening,course-packet,0,0,0,0,0
PO-0710-013,2026-07-10,day,program-booklet,0,0,0,0,0
PO-0710-014,2026-07-10,day,other,0,0,0,0,0
PO-0710-015,2026-07-10,evening,flyer-poster,0,0,0,0,0
PO-0710-016,2026-07-10,day,course-packet,0,0,0,0,0
PO-0710-017,2026-07-10,day,course-packet,0,0,0,0,0
PO-0710-018,2026-07-10,day,program-booklet,0,0,0,0,0
PO-0710-019,2026-07-10,day,course-packet,0,0,0,0,0
PO-0710-020,2026-07-10,evening,course-packet,0,0,0,0,0
PO-0710-021,2026-07-10,day,flyer-poster,0,0,0,0,0
PO-0710-022,2026-07-10,day,other,0,0,0,0,0
PO-0710-023,2026-07-10,day,program-booklet,0,0,0,0,0
PO-0710-024,2026-07-10,day,course-packet,0,0,0,0,0
PO-0710-025,2026-07-10,day,course-packet,0,0,0,0,0
PO-0710-026,2026-07-10,day,other,0,0,0,0,0
PO-0710-027,2026-07-10,evening,flyer-poster,0,0,0,0,0
PO-0710-028,2026-07-10,evening,course-packet,0,0,0,0,0
PO-0710-029,2026-07-10,evening,flyer-poster,0,0,0,0,0
PO-0710-030,2026-07-10,day,program-booklet,0,0,0,0,0
PO-0710-031,2026-07-10,day,flyer-poster,0,0,0,0,0
PO-0710-032,2026-07-10,day,other,0,0,0,0,0
PO-0710-033,2026-07-10,day,course-packet,0,0,0,0,0
PO-0710-034,2026-07-10,day,course-packet,0,0,0,0,0
PO-0710-035,2026-07-10,day,course-packet,0,0,0,0,0
PO-0710-036,2026-07-10,evening,program-booklet,0,0,0,0,0
PO-0710-037,2026-07-10,evening,program-booklet,0,0,0,0,0
PO-0710-038,2026-07-10,evening,program-booklet,0,0,0,0,0
PO-0710-039,2026-07-10,evening,other,0,0,0,0,0
PO-0710-040,2026-07-10,day,flyer-poster,0,0,0,0,0
PO-0710-041,2026-07-10,evening,flyer-poster,0,0,0,0,0
PO-0710-042,2026-07-10,day,program-booklet,0,0,0,0,0
PO-0710-043,2026-07-10,evening,other,0,0,0,0,0
PO-0710-044,2026-07-10,evening,program-booklet,0,0,0,0,0
PO-0710-045,2026-07-10,day,flyer-poster,0,0,0,0,0
PO-0710-046,2026-07-10,day,flyer-poster,0,0,0,0,0
PO-0710-047,2026-07-10,day,flyer-poster,0,0,0,0,0
PO-0710-048,2026-07-10,day,program-booklet,0,0,0,0,0
PO-0710-049,2026-07-10,evening,flyer-poster,0,1,0,0,1
PO-0710-050,2026-07-10,day,flyer-poster,1,0,0,0,1
PO-0710-051,2026-07-10,day,course-packet,0,0,0,0,0
PO-0710-052,2026-07-10,day,course-packet,0,0,0,0,0
PO-0710-053,2026-07-10,day,course-packet,0,0,0,0,0
PO-0710-054,2026-07-10,day,other,0,0,0,0,0
PO-0710-055,2026-07-10,evening,program-booklet,0,0,0,0,0
PO-0710-056,2026-07-10,evening,course-packet,0,0,0,0,0
PO-0710-057,2026-07-10,day,course-packet,0,1,0,0,1
PO-0710-058,2026-07-10,evening,course-packet,0,0,0,0,0
PO-0710-059,2026-07-10,day,course-packet,0,0,0,0,0
PO-0710-060,2026-07-10,day,flyer-poster,0,0,0,0,0
PO-0710-061,2026-07-10,evening,flyer-poster,0,0,0,0,0
PO-0710-062,2026-07-10,day,program-booklet,1,0,0,0,1
PO-0710-063,2026-07-10,evening,flyer-poster,0,0,0,0,0
PO-0710-064,2026-07-10,evening,flyer-poster,0,0,0,0,0
PO-0710-065,2026-07-10,evening,flyer-poster,0,0,0,0,0
PO-0710-066,2026-07-10,day,flyer-poster,0,0,0,0,0
PO-0710-067,2026-07-10,day,program-booklet,0,0,0,0,0
PO-0710-068,2026-07-10,day,flyer-poster,0,0,0,0,0
PO-0710-069,2026-07-10,day,course-packet,0,0,0,0,0
PO-0710-070,2026-07-10,evening,flyer-poster,0,0,0,0,0
PO-0710-071,2026-07-10,day,program-booklet,0,0,0,0,0
PO-0710-072,2026-07-10,evening,course-packet,0,0,0,0,0
PO-0710-073,2026-07-10,day,course-packet,0,0,0,0,0
PO-0710-074,2026-07-10,day,course-packet,0,1,0,0,1
PO-0710-075,2026-07-10,evening,flyer-poster,0,0,0,0,0
PO-0710-076,2026-07-10,evening,other,1,1,0,0,1
PO-0710-077,2026-07-10,evening,flyer-poster,0,0,0,0,0
PO-0710-078,2026-07-10,evening,course-packet,0,0,0,0,0
PO-0710-079,2026-07-10,evening,course-packet,0,0,0,0,0
PO-0710-080,2026-07-10,day,course-packet,0,0,0,0,0
PO-0710-081,2026-07-10,day,flyer-poster,1,0,0,0,1
PO-0711-001,2026-07-11,day,program-booklet,0,0,0,0,0
PO-0711-002,2026-07-11,evening,flyer-poster,0,0,0,0,0
PO-0711-003,2026-07-11,day,other,0,0,0,0,0
PO-0711-004,2026-07-11,evening,other,0,0,0,0,0
PO-0711-005,2026-07-11,day,flyer-poster,0,0,0,0,0
PO-0711-006,2026-07-11,day,program-booklet,0,0,0,0,0
PO-0711-007,2026-07-11,day,course-packet,0,1,0,0,1
PO-0711-008,2026-07-11,evening,program-booklet,0,0,0,0,0
PO-0711-009,2026-07-11,evening,other,0,0,0,0,0
PO-0711-010,2026-07-11,evening,flyer-poster,0,0,0,0,0
PO-0711-011,2026-07-11,evening,other,0,0,0,0,0
PO-0711-012,2026-07-11,day,flyer-poster,0,0,0,0,0
PO-0711-013,2026-07-11,evening,other,0,0,0,0,0
PO-0711-014,2026-07-11,day,course-packet,0,0,0,0,0
PO-0711-015,2026-07-11,evening,flyer-poster,0,0,0,0,0
PO-0711-016,2026-07-11,day,flyer-poster,0,0,0,0,0
PO-0711-017,2026-07-11,day,program-booklet,0,0,0,0,0
PO-0711-018,2026-07-11,evening,flyer-poster,0,0,0,0,0
PO-0711-019,2026-07-11,evening,flyer-poster,0,0,0,0,0
PO-0711-020,2026-07-11,evening,program-booklet,0,1,0,0,1
PO-0711-021,2026-07-11,day,course-packet,0,0,0,0,0
PO-0711-022,2026-07-11,day,program-booklet,0,0,0,0,0
PO-0711-023,2026-07-11,evening,program-booklet,0,0,0,0,0
PO-0711-024,2026-07-11,day,flyer-poster,0,1,0,0,1
PO-0711-025,2026-07-11,day,program-booklet,0,0,0,0,0
PO-0711-026,2026-07-11,evening,program-booklet,0,0,0,0,0
PO-0711-027,2026-07-11,day,flyer-poster,0,0,0,0,0
PO-0711-028,2026-07-11,evening,other,0,0,0,0,0
PO-0711-029,2026-07-11,day,other,0,0,0,0,0
PO-0711-030,2026-07-11,day,course-packet,0,0,0,0,0
PO-0711-031,2026-07-11,day,flyer-poster,0,0,0,0,0
PO-0711-032,2026-07-11,day,program-booklet,0,0,0,0,0
PO-0711-033,2026-07-11,day,flyer-poster,0,0,0,0,0
PO-0711-034,2026-07-11,day,other,0,0,0,0,0
PO-0711-035,2026-07-11,evening,flyer-poster,0,0,0,0,0
PO-0711-036,2026-07-11,day,course-packet,0,0,0,0,0
PO-0711-037,2026-07-11,day,flyer-poster,0,0,0,0,0
PO-0711-038,2026-07-11,evening,program-booklet,0,0,0,0,0
PO-0711-039,2026-07-11,evening,flyer-poster,0,1,0,0,1
PO-0711-040,2026-07-11,day,course-packet,0,0,0,0,0
PO-0711-041,2026-07-11,day,flyer-poster,0,0,0,0,0
PO-0711-042,2026-07-11,evening,course-packet,0,0,0,0,0
PO-0711-043,2026-07-11,day,course-packet,0,0,0,0,0
PO-0711-044,2026-07-11,evening,course-packet,0,0,0,0,0
PO-0711-045,2026-07-11,evening,flyer-poster,0,0,0,0,0
PO-0711-046,2026-07-11,evening,flyer-poster,0,1,0,0,1
PO-0711-047,2026-07-11,day,flyer-poster,0,0,0,0,0
PO-0711-048,2026-07-11,evening,other,0,0,0,0,0
PO-0711-049,2026-07-11,evening,program-booklet,0,0,0,0,0
PO-0711-050,2026-07-11,day,course-packet,0,0,0,0,0
PO-0711-051,2026-07-11,day,course-packet,0,0,0,0,0
PO-0711-052,2026-07-11,day,course-packet,0,0,0,0,0
PO-0711-053,2026-07-11,day,other,0,0,0,0,0
PO-0711-054,2026-07-11,evening,program-booklet,0,0,0,0,0
PO-0711-055,2026-07-11,evening,course-packet,1,0,0,0,1
PO-0711-056,2026-07-11,day,course-packet,0,0,0,0,0
PO-0711-057,2026-07-11,evening,flyer-poster,0,0,0,0,0
PO-0711-058,2026-07-11,evening,course-packet,0,0,0,0,0
PO-0711-059,2026-07-11,day,flyer-poster,0,0,0,0,0
PO-0711-060,2026-07-11,day,course-packet,0,0,0,0,0
PO-0711-061,2026-07-11,evening,course-packet,0,0,0,0,0
PO-0711-062,2026-07-11,evening,other,0,0,0,0,0
PO-0711-063,2026-07-11,evening,course-packet,0,0,0,0,0
PO-0711-064,2026-07-11,day,flyer-poster,0,0,0,0,0
PO-0711-065,2026-07-11,evening,other,0,0,0,0,0
PO-0711-066,2026-07-11,day,course-packet,0,0,0,0,0
PO-0711-067,2026-07-11,day,course-packet,0,0,0,0,0
PO-0711-068,2026-07-11,day,flyer-poster,0,0,0,0,0
PO-0711-069,2026-07-11,day,course-packet,0,0,0,0,0
PO-0711-070,2026-07-11,evening,course-packet,0,0,0,0,0
PO-0711-071,2026-07-11,evening,other,0,0,0,0,0
PO-0713-001,2026-07-13,evening,course-packet,0,0,0,0,0
PO-0713-002,2026-07-13,day,course-packet,0,0,0,0,0
PO-0713-003,2026-07-13,day,course-packet,0,0,0,0,0
PO-0713-004,2026-07-13,evening,flyer-poster,0,0,0,0,0
PO-0713-005,2026-07-13,day,flyer-poster,0,0,0,0,0
PO-0713-006,2026-07-13,evening,program-booklet,0,0,0,0,0
PO-0713-007,2026-07-13,day,flyer-poster,0,1,0,0,1
PO-0713-008,2026-07-13,evening,flyer-poster,0,0,0,0,0
PO-0713-009,2026-07-13,day,course-packet,0,0,0,0,0
PO-0713-010,2026-07-13,day,other,0,0,0,0,0
PO-0713-011,2026-07-13,day,program-booklet,0,0,0,0,0
PO-0713-012,2026-07-13,day,course-packet,1,0,0,0,1
PO-0713-013,2026-07-13,evening,program-booklet,0,0,0,0,0
PO-0713-014,2026-07-13,day,flyer-poster,0,0,0,0,0
PO-0713-015,2026-07-13,day,program-booklet,0,0,0,0,0
PO-0713-016,2026-07-13,evening,program-booklet,1,0,0,0,1
PO-0713-017,2026-07-13,day,course-packet,1,0,0,0,1
PO-0713-018,2026-07-13,day,program-booklet,0,0,0,0,0
PO-0713-019,2026-07-13,evening,course-packet,0,0,0,0,0
PO-0713-020,2026-07-13,day,flyer-poster,0,0,0,0,0
PO-0713-021,2026-07-13,evening,course-packet,0,0,0,0,0
PO-0713-022,2026-07-13,day,course-packet,0,0,0,0,0
PO-0713-023,2026-07-13,evening,course-packet,0,0,0,0,0
PO-0713-024,2026-07-13,evening,flyer-poster,0,0,0,0,0
PO-0713-025,2026-07-13,evening,program-booklet,0,0,0,0,0
PO-0713-026,2026-07-13,day,program-booklet,0,0,0,0,0
PO-0713-027,2026-07-13,day,flyer-poster,0,0,0,0,0
PO-0713-028,2026-07-13,day,course-packet,0,0,0,0,0
PO-0713-029,2026-07-13,day,flyer-poster,0,0,0,0,0
PO-0713-030,2026-07-13,evening,program-booklet,0,0,0,0,0
PO-0713-031,2026-07-13,day,course-packet,0,0,0,0,0
PO-0713-032,2026-07-13,day,course-packet,0,0,0,0,0
PO-0713-033,2026-07-13,evening,course-packet,0,0,0,0,0
PO-0713-034,2026-07-13,day,other,0,0,0,0,0
PO-0713-035,2026-07-13,day,course-packet,0,0,0,0,0
PO-0713-036,2026-07-13,day,course-packet,0,0,0,0,0
PO-0713-037,2026-07-13,evening,flyer-poster,0,0,0,0,0
PO-0713-038,2026-07-13,day,flyer-poster,0,0,0,0,0
PO-0713-039,2026-07-13,evening,other,0,0,0,0,0
PO-0713-040,2026-07-13,evening,course-packet,0,0,0,0,0
PO-0713-041,2026-07-13,day,course-packet,0,0,0,0,0
PO-0713-042,2026-07-13,evening,program-booklet,0,0,0,0,0
PO-0713-043,2026-07-13,evening,course-packet,0,0,0,0,0
PO-0713-044,2026-07-13,day,course-packet,0,0,0,0,0
PO-0713-045,2026-07-13,day,program-booklet,0,0,0,0,0
PO-0713-046,2026-07-13,evening,flyer-poster,0,0,1,0,1
PO-0713-047,2026-07-13,day,flyer-poster,0,0,0,0,0
PO-0713-048,2026-07-13,day,other,0,0,0,0,0
PO-0713-049,2026-07-13,day,course-packet,0,0,0,0,0
PO-0713-050,2026-07-13,day,course-packet,0,0,0,0,0
PO-0713-051,2026-07-13,day,course-packet,0,0,0,0,0
PO-0713-052,2026-07-13,day,flyer-poster,0,0,0,0,0
PO-0713-053,2026-07-13,day,program-booklet,0,0,0,0,0
PO-0713-054,2026-07-13,day,flyer-poster,0,0,0,0,0
PO-0713-055,2026-07-13,evening,flyer-poster,0,0,0,0,0
PO-0713-056,2026-07-13,evening,program-booklet,1,0,0,0,1
PO-0713-057,2026-07-13,evening,other,0,0,0,0,0
PO-0713-058,2026-07-13,day,other,0,0,1,0,1
PO-0713-059,2026-07-13,day,program-booklet,1,0,0,0,1
PO-0713-060,2026-07-13,day,other,0,0,0,1,1
PO-0713-061,2026-07-13,evening,flyer-poster,0,0,0,0,0
PO-0713-062,2026-07-13,evening,flyer-poster,0,0,0,0,0
PO-0713-063,2026-07-13,day,other,0,0,0,0,0
PO-0713-064,2026-07-13,evening,course-packet,0,0,0,0,0
PO-0713-065,2026-07-13,evening,flyer-poster,0,0,0,0,0
PO-0713-066,2026-07-13,evening,course-packet,0,0,0,0,0
PO-0713-067,2026-07-13,evening,course-packet,0,1,0,0,1
PO-0713-068,2026-07-13,day,program-booklet,0,0,0,0,0
PO-0713-069,2026-07-13,day,program-booklet,0,0,0,0,0
PO-0713-070,2026-07-13,evening,program-booklet,1,0,0,0,1
PO-0713-071,2026-07-13,evening,flyer-poster,0,0,0,0,0
PO-0713-072,2026-07-13,day,program-booklet,0,0,0,0,0
PO-0713-073,2026-07-13,day,flyer-poster,0,0,0,0,0
PO-0713-074,2026-07-13,evening,program-booklet,0,0,0,0,0
PO-0713-075,2026-07-13,day,course-packet,0,0,0,0,0
PO-0713-076,2026-07-13,evening,flyer-poster,0,0,0,0,0
PO-0713-077,2026-07-13,day,program-booklet,0,0,0,0,0
PO-0713-078,2026-07-13,day,other,0,0,0,0,0
PO-0713-079,2026-07-13,evening,flyer-poster,0,0,0,0,0
PO-0713-080,2026-07-13,evening,flyer-poster,0,0,0,0,0
PO-0713-081,2026-07-13,day,other,0,0,0,0,0
PO-0713-082,2026-07-13,evening,course-packet,0,0,0,0,0
PO-0713-083,2026-07-13,day,program-booklet,0,0,0,0,0
PO-0713-084,2026-07-13,day,program-booklet,0,0,0,0,0
PO-0713-085,2026-07-13,day,course-packet,0,0,0,0,0
PO-0713-086,2026-07-13,day,other,0,0,0,0,0
PO-0714-001,2026-07-14,day,program-booklet,0,0,0,0,0
PO-0714-002,2026-07-14,day,other,0,0,0,0,0
PO-0714-003,2026-07-14,evening,other,0,0,0,0,0
PO-0714-004,2026-07-14,evening,flyer-poster,0,0,0,0,0
PO-0714-005,2026-07-14,day,program-booklet,0,0,0,0,0
PO-0714-006,2026-07-14,day,flyer-poster,0,0,0,0,0
PO-0714-007,2026-07-14,evening,course-packet,0,1,0,0,1
PO-0714-008,2026-07-14,evening,program-booklet,0,0,0,0,0
PO-0714-009,2026-07-14,evening,program-booklet,0,0,0,0,0
PO-0714-010,2026-07-14,evening,flyer-poster,0,0,0,0,0
PO-0714-011,2026-07-14,evening,flyer-poster,0,0,0,0,0
PO-0714-012,2026-07-14,evening,program-booklet,0,0,0,0,0
PO-0714-013,2026-07-14,evening,course-packet,0,0,0,0,0
PO-0714-014,2026-07-14,day,program-booklet,0,0,0,0,0
PO-0714-015,2026-07-14,day,course-packet,0,0,0,0,0
PO-0714-016,2026-07-14,day,flyer-poster,0,0,0,0,0
PO-0714-017,2026-07-14,evening,course-packet,0,0,0,0,0
PO-0714-018,2026-07-14,day,course-packet,1,0,0,0,1
PO-0714-019,2026-07-14,evening,other,0,0,0,0,0
PO-0714-020,2026-07-14,evening,course-packet,0,0,0,0,0
PO-0714-021,2026-07-14,evening,program-booklet,0,0,0,0,0
PO-0714-022,2026-07-14,day,course-packet,0,0,0,0,0
PO-0714-023,2026-07-14,day,flyer-poster,0,0,0,0,0
PO-0714-024,2026-07-14,day,flyer-poster,0,0,0,0,0
PO-0714-025,2026-07-14,day,course-packet,0,0,0,0,0
PO-0714-026,2026-07-14,day,flyer-poster,0,0,0,0,0
PO-0714-027,2026-07-14,day,course-packet,0,0,0,0,0
PO-0714-028,2026-07-14,evening,other,0,0,0,0,0
PO-0714-029,2026-07-14,evening,other,0,0,0,0,0
PO-0714-030,2026-07-14,day,course-packet,0,0,0,0,0
PO-0714-031,2026-07-14,day,program-booklet,0,0,0,0,0
PO-0714-032,2026-07-14,day,course-packet,0,0,0,0,0
PO-0714-033,2026-07-14,evening,other,0,0,0,0,0
PO-0714-034,2026-07-14,day,program-booklet,0,0,0,0,0
PO-0714-035,2026-07-14,day,course-packet,0,0,0,0,0
PO-0714-036,2026-07-14,evening,course-packet,0,0,0,0,0
PO-0714-037,2026-07-14,day,other,0,0,0,0,0
PO-0714-038,2026-07-14,day,program-booklet,0,0,0,0,0
PO-0714-039,2026-07-14,day,course-packet,0,0,0,0,0
PO-0714-040,2026-07-14,evening,flyer-poster,0,0,0,0,0
PO-0714-041,2026-07-14,day,course-packet,0,0,0,0,0
PO-0714-042,2026-07-14,day,program-booklet,0,0,0,0,0
PO-0714-043,2026-07-14,day,program-booklet,0,0,0,0,0
PO-0714-044,2026-07-14,day,flyer-poster,0,0,0,0,0
PO-0714-045,2026-07-14,evening,course-packet,0,0,0,0,0
PO-0714-046,2026-07-14,day,program-booklet,0,0,0,0,0
PO-0714-047,2026-07-14,day,program-booklet,0,0,0,0,0
PO-0714-048,2026-07-14,evening,program-booklet,0,0,0,0,0
PO-0714-049,2026-07-14,evening,other,0,0,0,0,0
PO-0714-050,2026-07-14,day,other,0,0,0,0,0
PO-0714-051,2026-07-14,day,course-packet,0,0,0,0,0
PO-0714-052,2026-07-14,day,program-booklet,0,0,0,0,0
PO-0714-053,2026-07-14,day,program-booklet,0,0,0,0,0
PO-0714-054,2026-07-14,day,program-booklet,0,0,0,0,0
PO-0714-055,2026-07-14,day,course-packet,0,0,0,0,0
PO-0714-056,2026-07-14,evening,course-packet,0,0,0,0,0
PO-0714-057,2026-07-14,day,course-packet,0,0,0,0,0
PO-0714-058,2026-07-14,evening,program-booklet,0,0,0,0,0
PO-0714-059,2026-07-14,evening,course-packet,0,0,0,0,0
PO-0714-060,2026-07-14,day,flyer-poster,0,0,0,0,0
PO-0714-061,2026-07-14,day,course-packet,0,1,0,0,1
PO-0714-062,2026-07-14,day,flyer-poster,0,0,0,0,0
PO-0714-063,2026-07-14,day,other,0,0,0,0,0
PO-0714-064,2026-07-14,day,course-packet,0,0,0,0,0
PO-0714-065,2026-07-14,day,program-booklet,0,1,0,0,1
PO-0714-066,2026-07-14,evening,course-packet,0,0,0,0,0
PO-0714-067,2026-07-14,day,flyer-poster,0,0,0,0,0
PO-0714-068,2026-07-14,day,flyer-poster,0,0,0,0,0
PO-0714-069,2026-07-14,day,course-packet,0,0,0,0,0
PO-0714-070,2026-07-14,evening,course-packet,0,0,0,0,0
PO-0715-001,2026-07-15,evening,program-booklet,0,1,0,0,1
PO-0715-002,2026-07-15,day,flyer-poster,0,0,0,0,0
PO-0715-003,2026-07-15,day,flyer-poster,0,0,0,0,0
PO-0715-004,2026-07-15,day,flyer-poster,0,0,0,0,0
PO-0715-005,2026-07-15,evening,other,0,0,0,0,0
PO-0715-006,2026-07-15,evening,flyer-poster,0,0,0,0,0
PO-0715-007,2026-07-15,day,program-booklet,0,0,0,0,0
PO-0715-008,2026-07-15,evening,flyer-poster,0,0,0,0,0
PO-0715-009,2026-07-15,evening,course-packet,0,0,0,0,0
PO-0715-010,2026-07-15,day,course-packet,0,0,0,0,0
PO-0715-011,2026-07-15,day,program-booklet,0,0,0,0,0
PO-0715-012,2026-07-15,day,other,0,0,0,0,0
PO-0715-013,2026-07-15,day,other,0,1,0,0,1
PO-0715-014,2026-07-15,day,program-booklet,0,0,0,0,0
PO-0715-015,2026-07-15,evening,flyer-poster,0,0,0,0,0
PO-0715-016,2026-07-15,day,other,0,0,0,0,0
PO-0715-017,2026-07-15,evening,flyer-poster,0,0,0,0,0
PO-0715-018,2026-07-15,day,other,0,0,0,0,0
PO-0715-019,2026-07-15,evening,flyer-poster,0,0,1,0,1
PO-0715-020,2026-07-15,day,course-packet,0,0,0,0,0
PO-0715-021,2026-07-15,evening,other,0,0,0,0,0
PO-0715-022,2026-07-15,day,course-packet,0,0,0,0,0
PO-0715-023,2026-07-15,day,flyer-poster,0,0,0,0,0
PO-0715-024,2026-07-15,day,program-booklet,0,0,0,0,0
PO-0715-025,2026-07-15,evening,flyer-poster,0,0,0,0,0
PO-0715-026,2026-07-15,day,program-booklet,0,0,0,0,0
PO-0715-027,2026-07-15,evening,course-packet,0,0,0,0,0
PO-0715-028,2026-07-15,day,program-booklet,0,0,0,0,0
PO-0715-029,2026-07-15,evening,flyer-poster,0,0,0,0,0
PO-0715-030,2026-07-15,day,program-booklet,0,0,0,0,0
PO-0715-031,2026-07-15,day,flyer-poster,0,0,0,0,0
PO-0715-032,2026-07-15,evening,course-packet,0,0,0,0,0
PO-0715-033,2026-07-15,evening,course-packet,1,0,0,0,1
PO-0715-034,2026-07-15,day,program-booklet,0,0,0,0,0
PO-0715-035,2026-07-15,evening,other,0,0,0,0,0
PO-0715-036,2026-07-15,evening,course-packet,0,1,0,0,1
PO-0715-037,2026-07-15,day,course-packet,0,0,0,0,0
PO-0715-038,2026-07-15,day,course-packet,0,0,0,0,0
PO-0715-039,2026-07-15,evening,course-packet,1,0,0,0,1
PO-0715-040,2026-07-15,evening,flyer-poster,0,0,0,0,0
PO-0715-041,2026-07-15,day,course-packet,0,0,0,0,0
PO-0715-042,2026-07-15,day,flyer-poster,0,0,0,0,0
PO-0715-043,2026-07-15,day,course-packet,0,0,0,0,0
PO-0715-044,2026-07-15,evening,program-booklet,1,0,0,0,1
PO-0715-045,2026-07-15,evening,other,0,0,0,0,0
PO-0715-046,2026-07-15,evening,flyer-poster,0,1,0,0,1
PO-0715-047,2026-07-15,day,other,0,0,0,0,0
PO-0715-048,2026-07-15,evening,other,0,0,0,0,0
PO-0715-049,2026-07-15,evening,flyer-poster,0,0,0,0,0
PO-0715-050,2026-07-15,evening,program-booklet,0,0,0,0,0
PO-0715-051,2026-07-15,evening,program-booklet,0,0,0,0,0
PO-0715-052,2026-07-15,day,program-booklet,0,0,0,0,0
PO-0715-053,2026-07-15,evening,other,0,0,0,0,0
PO-0715-054,2026-07-15,day,program-booklet,0,0,0,0,0
PO-0715-055,2026-07-15,evening,flyer-poster,0,0,0,0,0
PO-0715-056,2026-07-15,evening,other,0,0,0,0,0
PO-0715-057,2026-07-15,evening,program-booklet,0,0,0,0,0
PO-0715-058,2026-07-15,evening,course-packet,0,0,0,0,0
PO-0715-059,2026-07-15,day,course-packet,0,0,0,0,0
PO-0715-060,2026-07-15,day,flyer-poster,0,0,0,0,0
PO-0715-061,2026-07-15,day,flyer-poster,0,0,0,0,0
PO-0715-062,2026-07-15,day,flyer-poster,0,0,0,0,0
PO-0715-063,2026-07-15,evening,program-booklet,0,0,0,0,0
PO-0715-064,2026-07-15,evening,program-booklet,0,0,0,0,0
PO-0715-065,2026-07-15,day,program-booklet,0,0,0,0,0
PO-0715-066,2026-07-15,day,course-packet,0,0,0,0,0
PO-0715-067,2026-07-15,day,flyer-poster,0,0,0,0,0
PO-0715-068,2026-07-15,evening,other,0,0,0,0,0
PO-0715-069,2026-07-15,day,course-packet,0,0,0,0,0
PO-0715-070,2026-07-15,evening,course-packet,0,0,0,1,1
PO-0715-071,2026-07-15,evening,course-packet,0,0,0,0,0
PO-0716-001,2026-07-16,day,flyer-poster,0,0,0,0,0
PO-0716-002,2026-07-16,day,program-booklet,0,0,0,0,0
PO-0716-003,2026-07-16,day,course-packet,0,0,0,0,0
PO-0716-004,2026-07-16,day,course-packet,0,0,0,0,0
PO-0716-005,2026-07-16,evening,course-packet,0,0,0,0,0
PO-0716-006,2026-07-16,day,course-packet,0,0,0,0,0
PO-0716-007,2026-07-16,day,program-booklet,0,0,0,0,0
PO-0716-008,2026-07-16,day,program-booklet,0,0,0,0,0
PO-0716-009,2026-07-16,day,other,1,0,0,0,1
PO-0716-010,2026-07-16,evening,flyer-poster,0,0,0,1,1
PO-0716-011,2026-07-16,day,flyer-poster,0,0,0,0,0
PO-0716-012,2026-07-16,day,other,0,0,0,0,0
PO-0716-013,2026-07-16,evening,course-packet,0,0,0,0,0
PO-0716-014,2026-07-16,day,flyer-poster,0,0,0,0,0
PO-0716-015,2026-07-16,evening,flyer-poster,0,0,0,0,0
PO-0716-016,2026-07-16,day,course-packet,0,0,0,0,0
PO-0716-017,2026-07-16,evening,flyer-poster,0,0,0,0,0
PO-0716-018,2026-07-16,evening,course-packet,0,0,0,0,0
PO-0716-019,2026-07-16,day,other,0,0,0,0,0
PO-0716-020,2026-07-16,day,course-packet,0,0,0,0,0
PO-0716-021,2026-07-16,day,flyer-poster,0,0,0,0,0
PO-0716-022,2026-07-16,day,program-booklet,0,0,0,0,0
PO-0716-023,2026-07-16,day,other,0,0,0,0,0
PO-0716-024,2026-07-16,evening,program-booklet,0,0,0,0,0
PO-0716-025,2026-07-16,evening,course-packet,0,0,0,0,0
PO-0716-026,2026-07-16,evening,program-booklet,0,0,0,0,0
PO-0716-027,2026-07-16,evening,other,0,0,0,0,0
PO-0716-028,2026-07-16,evening,other,1,0,0,0,1
PO-0716-029,2026-07-16,evening,other,0,0,0,0,0
PO-0716-030,2026-07-16,evening,course-packet,0,0,0,0,0
PO-0716-031,2026-07-16,day,other,0,0,0,0,0
PO-0716-032,2026-07-16,day,course-packet,0,0,0,0,0
PO-0716-033,2026-07-16,day,flyer-poster,0,0,0,0,0
PO-0716-034,2026-07-16,day,course-packet,0,0,0,0,0
PO-0716-035,2026-07-16,day,other,0,0,0,0,0
PO-0716-036,2026-07-16,day,flyer-poster,0,0,0,0,0
PO-0716-037,2026-07-16,evening,course-packet,0,0,0,0,0
PO-0716-038,2026-07-16,day,course-packet,0,0,0,0,0
PO-0716-039,2026-07-16,day,flyer-poster,0,0,0,0,0
PO-0716-040,2026-07-16,day,flyer-poster,0,0,0,0,0
PO-0716-041,2026-07-16,day,other,0,0,0,0,0
PO-0716-042,2026-07-16,day,course-packet,0,0,0,0,0
PO-0716-043,2026-07-16,evening,course-packet,0,0,0,0,0
PO-0716-044,2026-07-16,day,course-packet,0,0,0,0,0
PO-0716-045,2026-07-16,day,other,0,0,0,0,0
PO-0716-046,2026-07-16,day,program-booklet,0,0,0,0,0
PO-0716-047,2026-07-16,day,other,0,0,0,0,0
PO-0716-048,2026-07-16,day,flyer-poster,0,0,0,0,0
PO-0716-049,2026-07-16,day,course-packet,0,0,0,0,0
PO-0716-050,2026-07-16,day,program-booklet,0,0,0,0,0
PO-0716-051,2026-07-16,evening,program-booklet,0,0,0,0,0
PO-0716-052,2026-07-16,evening,program-booklet,0,0,0,0,0
PO-0716-053,2026-07-16,day,program-booklet,0,0,0,0,0
PO-0716-054,2026-07-16,evening,program-booklet,0,0,0,0,0
PO-0716-055,2026-07-16,evening,program-booklet,0,0,0,0,0
PO-0716-056,2026-07-16,day,course-packet,0,0,0,0,0
PO-0716-057,2026-07-16,day,flyer-poster,0,0,0,0,0
PO-0716-058,2026-07-16,day,course-packet,0,0,0,0,0
PO-0716-059,2026-07-16,day,course-packet,1,0,0,0,1
PO-0716-060,2026-07-16,evening,flyer-poster,0,0,0,0,0
PO-0716-061,2026-07-16,day,course-packet,0,0,0,0,0
PO-0716-062,2026-07-16,day,flyer-poster,0,0,0,0,0
PO-0716-063,2026-07-16,evening,program-booklet,0,0,0,0,0
PO-0716-064,2026-07-16,evening,flyer-poster,0,0,0,0,0
PO-0716-065,2026-07-16,day,other,0,0,0,0,0
PO-0716-066,2026-07-16,evening,course-packet,0,0,0,0,0
PO-0716-067,2026-07-16,day,flyer-poster,0,0,0,0,0
PO-0717-001,2026-07-17,day,other,0,0,0,0,0
PO-0717-002,2026-07-17,evening,other,0,0,0,0,0
PO-0717-003,2026-07-17,day,course-packet,0,0,0,0,0
PO-0717-004,2026-07-17,day,course-packet,0,0,0,0,0
PO-0717-005,2026-07-17,evening,flyer-poster,1,0,0,0,1
PO-0717-006,2026-07-17,evening,other,0,0,0,0,0
PO-0717-007,2026-07-17,day,other,0,0,0,0,0
PO-0717-008,2026-07-17,evening,course-packet,0,0,0,0,0
PO-0717-009,2026-07-17,day,course-packet,0,0,0,0,0
PO-0717-010,2026-07-17,day,program-booklet,0,0,1,0,1
PO-0717-011,2026-07-17,evening,flyer-poster,0,0,0,0,0
PO-0717-012,2026-07-17,day,program-booklet,0,0,0,0,0
PO-0717-013,2026-07-17,day,course-packet,0,0,0,0,0
PO-0717-014,2026-07-17,day,course-packet,0,0,0,0,0
PO-0717-015,2026-07-17,day,other,0,0,0,0,0
PO-0717-016,2026-07-17,day,flyer-poster,0,0,0,0,0
PO-0717-017,2026-07-17,evening,program-booklet,0,0,0,0,0
PO-0717-018,2026-07-17,evening,program-booklet,0,0,0,0,0
PO-0717-019,2026-07-17,day,course-packet,0,0,0,0,0
PO-0717-020,2026-07-17,day,flyer-poster,0,0,0,0,0
PO-0717-021,2026-07-17,day,flyer-poster,0,0,0,0,0
PO-0717-022,2026-07-17,evening,flyer-poster,0,0,0,0,0
PO-0717-023,2026-07-17,evening,program-booklet,0,0,0,0,0
PO-0717-024,2026-07-17,evening,other,1,0,0,0,1
PO-0717-025,2026-07-17,day,flyer-poster,0,0,0,0,0
PO-0717-026,2026-07-17,day,program-booklet,0,0,0,0,0
PO-0717-027,2026-07-17,day,flyer-poster,1,0,0,0,1
PO-0717-028,2026-07-17,evening,program-booklet,0,0,0,0,0
PO-0717-029,2026-07-17,evening,course-packet,0,0,0,0,0
PO-0717-030,2026-07-17,evening,other,0,0,0,0,0
PO-0717-031,2026-07-17,day,course-packet,0,0,0,1,1
PO-0717-032,2026-07-17,evening,course-packet,0,0,0,0,0
PO-0717-033,2026-07-17,evening,other,0,0,0,0,0
PO-0717-034,2026-07-17,day,course-packet,0,0,0,0,0
PO-0717-035,2026-07-17,day,course-packet,0,0,0,0,0
PO-0717-036,2026-07-17,day,course-packet,0,0,0,0,0
PO-0717-037,2026-07-17,evening,course-packet,0,0,0,0,0
PO-0717-038,2026-07-17,evening,flyer-poster,0,0,0,0,0
PO-0717-039,2026-07-17,evening,flyer-poster,0,0,0,0,0
PO-0717-040,2026-07-17,evening,flyer-poster,0,0,0,0,0
PO-0717-041,2026-07-17,day,program-booklet,0,0,0,0,0
PO-0717-042,2026-07-17,day,other,0,0,0,0,0
PO-0717-043,2026-07-17,evening,program-booklet,0,0,0,0,0
PO-0717-044,2026-07-17,day,program-booklet,0,0,0,0,0
PO-0717-045,2026-07-17,day,course-packet,0,0,0,0,0
PO-0717-046,2026-07-17,evening,course-packet,1,0,0,0,1
PO-0717-047,2026-07-17,evening,flyer-poster,0,0,0,0,0
PO-0717-048,2026-07-17,evening,course-packet,0,0,0,0,0
PO-0717-049,2026-07-17,day,flyer-poster,0,0,0,0,0
PO-0717-050,2026-07-17,evening,course-packet,0,0,0,0,0
PO-0717-051,2026-07-17,day,other,0,0,0,0,0
PO-0717-052,2026-07-17,evening,program-booklet,0,0,0,0,0
PO-0717-053,2026-07-17,day,flyer-poster,0,0,0,0,0
PO-0717-054,2026-07-17,evening,flyer-poster,0,0,0,0,0
PO-0717-055,2026-07-17,day,flyer-poster,0,0,0,0,0
PO-0717-056,2026-07-17,day,flyer-poster,0,0,0,0,0
PO-0717-057,2026-07-17,day,flyer-poster,0,0,0,0,0
PO-0717-058,2026-07-17,day,flyer-poster,0,0,0,0,0
PO-0717-059,2026-07-17,day,course-packet,0,0,0,0,0
PO-0717-060,2026-07-17,day,flyer-poster,0,0,0,0,0
PO-0717-061,2026-07-17,day,course-packet,1,0,1,0,1
PO-0717-062,2026-07-17,day,other,0,0,0,0,0
PO-0717-063,2026-07-17,day,flyer-poster,0,0,0,0,0
PO-0717-064,2026-07-17,day,course-packet,0,0,0,0,0
PO-0717-065,2026-07-17,day,program-booklet,0,0,0,0,0
PO-0717-066,2026-07-17,evening,course-packet,0,0,0,0,0
PO-0717-067,2026-07-17,day,other,0,0,0,0,0
PO-0717-068,2026-07-17,evening,course-packet,0,0,0,0,0
PO-0717-069,2026-07-17,evening,course-packet,0,0,0,0,0
PO-0717-070,2026-07-17,day,course-packet,0,0,0,0,0
PO-0717-071,2026-07-17,evening,other,0,0,0,0,0
PO-0717-072,2026-07-17,day,flyer-poster,0,0,0,0,0
PO-0717-073,2026-07-17,evening,course-packet,0,0,0,0,0
PO-0717-074,2026-07-17,evening,program-booklet,0,0,0,0,0
PO-0717-075,2026-07-17,evening,program-booklet,0,0,0,0,0
PO-0717-076,2026-07-17,evening,course-packet,0,0,0,0,0
PO-0717-077,2026-07-17,evening,flyer-poster,0,0,0,0,0
PO-0717-078,2026-07-17,day,flyer-poster,1,0,0,0,1
PO-0718-001,2026-07-18,day,other,0,0,0,0,0
PO-0718-002,2026-07-18,evening,course-packet,0,0,0,0,0
PO-0718-003,2026-07-18,evening,course-packet,0,0,0,0,0
PO-0718-004,2026-07-18,day,other,0,0,0,0,0
PO-0718-005,2026-07-18,day,program-booklet,1,0,0,0,1
PO-0718-006,2026-07-18,day,flyer-poster,0,0,0,0,0
PO-0718-007,2026-07-18,day,flyer-poster,0,0,0,0,0
PO-0718-008,2026-07-18,evening,course-packet,0,0,0,0,0
PO-0718-009,2026-07-18,evening,flyer-poster,0,0,0,0,0
PO-0718-010,2026-07-18,day,course-packet,0,0,0,0,0
PO-0718-011,2026-07-18,day,program-booklet,0,0,0,0,0
PO-0718-012,2026-07-18,day,flyer-poster,0,0,0,0,0
PO-0718-013,2026-07-18,day,other,0,0,0,0,0
PO-0718-014,2026-07-18,day,other,0,0,0,0,0
PO-0718-015,2026-07-18,evening,other,0,0,0,0,0
PO-0718-016,2026-07-18,day,program-booklet,0,0,0,0,0
PO-0718-017,2026-07-18,day,program-booklet,0,0,0,0,0
PO-0718-018,2026-07-18,day,other,0,0,0,0,0
PO-0718-019,2026-07-18,evening,program-booklet,0,0,0,0,0
PO-0718-020,2026-07-18,day,course-packet,0,0,0,0,0
PO-0718-021,2026-07-18,day,flyer-poster,0,0,0,0,0
PO-0718-022,2026-07-18,evening,flyer-poster,0,0,0,0,0
PO-0718-023,2026-07-18,evening,course-packet,0,0,0,0,0
PO-0718-024,2026-07-18,evening,other,0,0,0,0,0
PO-0718-025,2026-07-18,evening,course-packet,0,0,0,0,0
PO-0718-026,2026-07-18,evening,other,1,0,0,0,1
PO-0718-027,2026-07-18,evening,flyer-poster,0,0,0,0,0
PO-0718-028,2026-07-18,day,course-packet,0,0,0,0,0
PO-0718-029,2026-07-18,day,flyer-poster,0,0,0,0,0
PO-0718-030,2026-07-18,evening,program-booklet,0,0,0,0,0
PO-0718-031,2026-07-18,day,program-booklet,0,0,0,0,0
PO-0718-032,2026-07-18,evening,flyer-poster,0,0,0,0,0
PO-0718-033,2026-07-18,day,program-booklet,0,0,0,0,0
PO-0718-034,2026-07-18,day,other,0,0,0,0,0
PO-0718-035,2026-07-18,day,program-booklet,0,0,0,0,0
PO-0718-036,2026-07-18,day,course-packet,0,0,0,0,0
PO-0718-037,2026-07-18,evening,course-packet,0,0,0,0,0
PO-0718-038,2026-07-18,day,program-booklet,0,0,0,0,0
PO-0718-039,2026-07-18,day,program-booklet,0,0,0,0,0
PO-0718-040,2026-07-18,day,flyer-poster,0,0,0,0,0
PO-0718-041,2026-07-18,evening,other,0,0,0,0,0
PO-0718-042,2026-07-18,evening,other,0,0,0,0,0
PO-0718-043,2026-07-18,day,program-booklet,0,0,0,0,0
PO-0718-044,2026-07-18,day,course-packet,0,0,0,0,0
PO-0718-045,2026-07-18,day,flyer-poster,0,0,0,0,0
PO-0718-046,2026-07-18,day,course-packet,0,0,0,0,0
PO-0718-047,2026-07-18,day,flyer-poster,0,0,0,0,0
PO-0718-048,2026-07-18,day,flyer-poster,0,0,0,0,0
PO-0718-049,2026-07-18,day,flyer-poster,0,0,0,0,0
PO-0718-050,2026-07-18,day,program-booklet,0,0,0,0,0
PO-0718-051,2026-07-18,evening,program-booklet,0,0,0,0,0
PO-0718-052,2026-07-18,evening,program-booklet,0,0,0,0,0
PO-0718-053,2026-07-18,evening,flyer-poster,0,0,0,0,0
PO-0718-054,2026-07-18,evening,course-packet,0,0,0,0,0
PO-0718-055,2026-07-18,day,program-booklet,0,0,0,0,0
PO-0718-056,2026-07-18,evening,program-booklet,0,0,0,0,0
PO-0718-057,2026-07-18,evening,course-packet,0,0,0,0,0
PO-0718-058,2026-07-18,day,program-booklet,0,0,0,0,0
PO-0718-059,2026-07-18,day,course-packet,0,0,0,0,0
PO-0718-060,2026-07-18,evening,program-booklet,0,0,0,0,0
PO-0718-061,2026-07-18,evening,flyer-poster,0,0,0,0,0
PO-0718-062,2026-07-18,day,course-packet,0,0,0,0,0
PO-0718-063,2026-07-18,evening,flyer-poster,0,0,0,0,0
PO-0720-001,2026-07-20,evening,course-packet,0,0,0,0,0
PO-0720-002,2026-07-20,evening,flyer-poster,0,0,0,0,0
PO-0720-003,2026-07-20,day,other,0,0,0,0,0
PO-0720-004,2026-07-20,evening,course-packet,0,0,0,0,0
PO-0720-005,2026-07-20,day,other,0,0,0,0,0
PO-0720-006,2026-07-20,day,course-packet,0,0,0,0,0
PO-0720-007,2026-07-20,day,course-packet,0,0,0,0,0
PO-0720-008,2026-07-20,day,flyer-poster,0,0,0,0,0
PO-0720-009,2026-07-20,day,course-packet,0,0,0,0,0
PO-0720-010,2026-07-20,day,program-booklet,0,0,0,0,0
PO-0720-011,2026-07-20,evening,course-packet,0,0,0,0,0
PO-0720-012,2026-07-20,day,program-booklet,0,0,0,0,0
PO-0720-013,2026-07-20,evening,course-packet,0,0,0,0,0
PO-0720-014,2026-07-20,day,course-packet,0,0,1,0,1
PO-0720-015,2026-07-20,day,course-packet,0,0,0,0,0
PO-0720-016,2026-07-20,evening,flyer-poster,0,0,0,0,0
PO-0720-017,2026-07-20,day,course-packet,0,0,0,0,0
PO-0720-018,2026-07-20,day,flyer-poster,0,0,0,0,0
PO-0720-019,2026-07-20,day,flyer-poster,0,0,0,0,0
PO-0720-020,2026-07-20,day,program-booklet,0,0,0,0,0
PO-0720-021,2026-07-20,evening,program-booklet,0,0,0,0,0
PO-0720-022,2026-07-20,day,flyer-poster,0,0,0,0,0
PO-0720-023,2026-07-20,day,flyer-poster,1,0,0,0,1
PO-0720-024,2026-07-20,day,program-booklet,0,0,0,0,0
PO-0720-025,2026-07-20,day,other,1,0,0,0,1
PO-0720-026,2026-07-20,day,other,0,0,0,0,0
PO-0720-027,2026-07-20,evening,course-packet,0,0,0,0,0
PO-0720-028,2026-07-20,day,flyer-poster,0,0,0,0,0
PO-0720-029,2026-07-20,day,flyer-poster,0,0,0,0,0
PO-0720-030,2026-07-20,evening,program-booklet,0,0,0,0,0
PO-0720-031,2026-07-20,day,other,0,0,0,0,0
PO-0720-032,2026-07-20,evening,course-packet,1,0,0,0,1
PO-0720-033,2026-07-20,evening,flyer-poster,0,0,0,0,0
PO-0720-034,2026-07-20,day,program-booklet,0,0,0,0,0
PO-0720-035,2026-07-20,day,flyer-poster,0,0,0,0,0
PO-0720-036,2026-07-20,evening,program-booklet,0,1,0,0,1
PO-0720-037,2026-07-20,day,program-booklet,0,0,0,0,0
PO-0720-038,2026-07-20,day,other,0,0,0,0,0
PO-0720-039,2026-07-20,day,other,0,0,0,0,0
PO-0720-040,2026-07-20,day,program-booklet,0,0,0,0,0
PO-0720-041,2026-07-20,day,program-booklet,0,0,0,0,0
PO-0720-042,2026-07-20,day,flyer-poster,0,0,0,0,0
PO-0720-043,2026-07-20,evening,program-booklet,0,0,0,0,0
PO-0720-044,2026-07-20,evening,program-booklet,0,0,0,0,0
PO-0720-045,2026-07-20,day,flyer-poster,0,0,0,0,0
PO-0720-046,2026-07-20,evening,course-packet,0,0,0,0,0
PO-0720-047,2026-07-20,day,other,0,0,0,0,0
PO-0720-048,2026-07-20,day,flyer-poster,0,0,0,0,0
PO-0720-049,2026-07-20,day,other,0,0,0,0,0
PO-0720-050,2026-07-20,evening,flyer-poster,0,0,0,0,0
PO-0720-051,2026-07-20,day,flyer-poster,0,0,0,0,0
PO-0720-052,2026-07-20,evening,course-packet,0,0,0,0,0
PO-0720-053,2026-07-20,day,other,0,0,0,0,0
PO-0720-054,2026-07-20,day,course-packet,0,0,0,0,0
PO-0720-055,2026-07-20,day,flyer-poster,0,0,0,0,0
PO-0720-056,2026-07-20,evening,other,0,0,0,0,0
PO-0720-057,2026-07-20,day,course-packet,0,0,0,0,0
PO-0720-058,2026-07-20,day,program-booklet,0,0,0,0,0
PO-0720-059,2026-07-20,evening,other,0,0,0,0,0
PO-0720-060,2026-07-20,day,flyer-poster,1,0,0,0,1
PO-0720-061,2026-07-20,day,other,0,0,0,0,0
PO-0720-062,2026-07-20,evening,program-booklet,0,0,0,0,0
PO-0720-063,2026-07-20,evening,course-packet,0,0,0,1,1
PO-0720-064,2026-07-20,evening,program-booklet,0,0,0,0,0
PO-0720-065,2026-07-20,day,course-packet,0,0,0,0,0
PO-0720-066,2026-07-20,evening,course-packet,0,0,0,0,0
PO-0720-067,2026-07-20,day,course-packet,0,0,0,0,0
PO-0720-068,2026-07-20,evening,program-booklet,0,0,0,0,0
PO-0720-069,2026-07-20,day,course-packet,0,0,0,0,0
PO-0720-070,2026-07-20,day,flyer-poster,1,1,0,0,1
PO-0720-071,2026-07-20,day,course-packet,0,0,0,0,0
PO-0720-072,2026-07-20,day,course-packet,0,0,0,0,0
PO-0720-073,2026-07-20,day,program-booklet,0,0,0,0,0
PO-0720-074,2026-07-20,day,program-booklet,0,0,0,0,0
PO-0720-075,2026-07-20,day,program-booklet,0,0,0,0,0
PO-0720-076,2026-07-20,day,other,0,0,0,0,0
PO-0720-077,2026-07-20,day,other,0,0,0,0,0
PO-0720-078,2026-07-20,day,program-booklet,0,0,0,0,0
PO-0720-079,2026-07-20,evening,flyer-poster,0,0,0,0,0
PO-0720-080,2026-07-20,evening,course-packet,0,0,0,0,0
PO-0720-081,2026-07-20,evening,course-packet,0,0,0,0,0
PO-0720-082,2026-07-20,evening,other,0,0,0,0,0
PO-0720-083,2026-07-20,evening,other,0,0,0,0,0
PO-0720-084,2026-07-20,day,program-booklet,0,0,0,0,0
PO-0720-085,2026-07-20,evening,other,0,0,0,0,0
PO-0721-001,2026-07-21,day,other,0,0,0,0,0
PO-0721-002,2026-07-21,day,course-packet,0,0,0,0,0
PO-0721-003,2026-07-21,day,flyer-poster,0,0,0,0,0
PO-0721-004,2026-07-21,day,other,0,0,0,0,0
PO-0721-005,2026-07-21,evening,flyer-poster,0,0,0,0,0
PO-0721-006,2026-07-21,day,other,0,1,0,0,1
PO-0721-007,2026-07-21,evening,program-booklet,0,0,0,0,0
PO-0721-008,2026-07-21,day,course-packet,0,1,0,0,1
PO-0721-009,2026-07-21,day,flyer-poster,0,0,0,0,0
PO-0721-010,2026-07-21,day,program-booklet,0,0,0,0,0
PO-0721-011,2026-07-21,day,course-packet,0,0,0,0,0
PO-0721-012,2026-07-21,day,flyer-poster,0,0,0,0,0
PO-0721-013,2026-07-21,day,other,0,0,0,0,0
PO-0721-014,2026-07-21,day,program-booklet,0,0,0,0,0
PO-0721-015,2026-07-21,day,flyer-poster,0,0,0,0,0
PO-0721-016,2026-07-21,day,flyer-poster,0,0,0,0,0
PO-0721-017,2026-07-21,day,course-packet,0,0,0,0,0
PO-0721-018,2026-07-21,day,course-packet,0,0,0,0,0
PO-0721-019,2026-07-21,day,other,0,0,0,0,0
PO-0721-020,2026-07-21,day,flyer-poster,0,0,0,0,0
PO-0721-021,2026-07-21,day,flyer-poster,0,0,0,0,0
PO-0721-022,2026-07-21,evening,course-packet,0,0,0,0,0
PO-0721-023,2026-07-21,day,course-packet,0,0,0,0,0
PO-0721-024,2026-07-21,evening,program-booklet,0,0,0,0,0
PO-0721-025,2026-07-21,evening,course-packet,0,0,0,0,0
PO-0721-026,2026-07-21,day,other,0,0,0,0,0
PO-0721-027,2026-07-21,evening,program-booklet,1,0,0,0,1
PO-0721-028,2026-07-21,day,program-booklet,0,0,0,0,0
PO-0721-029,2026-07-21,evening,flyer-poster,0,0,0,0,0
PO-0721-030,2026-07-21,day,flyer-poster,0,0,0,0,0
PO-0721-031,2026-07-21,day,program-booklet,0,0,0,0,0
PO-0721-032,2026-07-21,evening,course-packet,0,0,0,0,0
PO-0721-033,2026-07-21,evening,flyer-poster,0,0,0,0,0
PO-0721-034,2026-07-21,day,course-packet,1,0,0,0,1
PO-0721-035,2026-07-21,day,program-booklet,0,0,0,0,0
PO-0721-036,2026-07-21,evening,flyer-poster,0,0,0,0,0
PO-0721-037,2026-07-21,day,flyer-poster,0,0,0,0,0
PO-0721-038,2026-07-21,day,course-packet,0,0,0,0,0
PO-0721-039,2026-07-21,evening,flyer-poster,0,0,0,0,0
PO-0721-040,2026-07-21,day,course-packet,0,0,0,0,0
PO-0721-041,2026-07-21,evening,course-packet,0,0,0,0,0
PO-0721-042,2026-07-21,day,other,1,0,0,0,1
PO-0721-043,2026-07-21,day,program-booklet,0,0,0,0,0
PO-0721-044,2026-07-21,evening,program-booklet,0,0,0,0,0
PO-0721-045,2026-07-21,day,course-packet,0,0,0,0,0
PO-0721-046,2026-07-21,day,flyer-poster,0,0,0,0,0
PO-0721-047,2026-07-21,evening,other,0,0,0,0,0
PO-0721-048,2026-07-21,day,course-packet,0,0,0,0,0
PO-0721-049,2026-07-21,evening,program-booklet,0,0,0,0,0
PO-0721-050,2026-07-21,day,other,0,0,0,0,0
PO-0721-051,2026-07-21,evening,flyer-poster,0,0,0,0,0
PO-0721-052,2026-07-21,evening,course-packet,0,0,0,0,0
PO-0721-053,2026-07-21,evening,program-booklet,0,0,0,0,0
PO-0721-054,2026-07-21,day,other,0,0,0,0,0
PO-0721-055,2026-07-21,day,other,0,0,0,0,0
PO-0721-056,2026-07-21,day,course-packet,0,0,0,0,0
PO-0721-057,2026-07-21,day,other,0,0,0,0,0
PO-0721-058,2026-07-21,day,other,0,0,0,0,0
PO-0721-059,2026-07-21,evening,flyer-poster,0,0,0,0,0
PO-0721-060,2026-07-21,day,course-packet,0,0,0,0,0
PO-0721-061,2026-07-21,evening,program-booklet,0,0,0,0,0
PO-0721-062,2026-07-21,evening,flyer-poster,0,0,0,0,0
PO-0721-063,2026-07-21,evening,course-packet,0,0,0,0,0
PO-0721-064,2026-07-21,day,other,0,0,0,0,0
PO-0721-065,2026-07-21,day,flyer-poster,0,0,0,0,0
PO-0721-066,2026-07-21,day,flyer-poster,1,0,0,0,1
PO-0721-067,2026-07-21,evening,flyer-poster,0,0,0,0,0
PO-0721-068,2026-07-21,evening,course-packet,0,0,0,0,0
PO-0721-069,2026-07-21,day,other,0,0,0,0,0
PO-0721-070,2026-07-21,day,program-booklet,0,0,0,0,0
PO-0722-001,2026-07-22,day,flyer-poster,0,0,0,0,0
PO-0722-002,2026-07-22,day,program-booklet,0,0,0,0,0
PO-0722-003,2026-07-22,day,flyer-poster,0,0,0,0,0
PO-0722-004,2026-07-22,day,program-booklet,0,0,0,0,0
PO-0722-005,2026-07-22,day,program-booklet,0,0,0,0,0
PO-0722-006,2026-07-22,evening,flyer-poster,0,0,0,0,0
PO-0722-007,2026-07-22,day,course-packet,0,0,0,0,0
PO-0722-008,2026-07-22,evening,flyer-poster,0,0,0,0,0
PO-0722-009,2026-07-22,evening,course-packet,0,0,0,0,0
PO-0722-010,2026-07-22,day,flyer-poster,1,0,0,0,1
PO-0722-011,2026-07-22,day,flyer-poster,0,0,0,0,0
PO-0722-012,2026-07-22,day,flyer-poster,0,0,0,0,0
PO-0722-013,2026-07-22,evening,flyer-poster,0,0,0,0,0
PO-0722-014,2026-07-22,evening,flyer-poster,0,0,0,0,0
PO-0722-015,2026-07-22,evening,flyer-poster,0,0,0,0,0
PO-0722-016,2026-07-22,day,course-packet,0,0,0,0,0
PO-0722-017,2026-07-22,evening,other,0,0,0,0,0
PO-0722-018,2026-07-22,day,course-packet,0,0,0,0,0
PO-0722-019,2026-07-22,day,other,0,0,0,0,0
PO-0722-020,2026-07-22,day,flyer-poster,0,0,0,0,0
PO-0722-021,2026-07-22,evening,other,0,0,0,0,0
PO-0722-022,2026-07-22,day,course-packet,0,0,0,0,0
PO-0722-023,2026-07-22,evening,course-packet,0,0,0,0,0
PO-0722-024,2026-07-22,day,course-packet,0,0,0,0,0
PO-0722-025,2026-07-22,evening,flyer-poster,0,0,0,0,0
PO-0722-026,2026-07-22,evening,course-packet,0,0,0,0,0
PO-0722-027,2026-07-22,evening,course-packet,0,0,0,0,0
PO-0722-028,2026-07-22,day,flyer-poster,0,0,0,0,0
PO-0722-029,2026-07-22,evening,flyer-poster,0,0,0,0,0
PO-0722-030,2026-07-22,evening,program-booklet,0,0,0,0,0
PO-0722-031,2026-07-22,day,course-packet,0,1,0,0,1
PO-0722-032,2026-07-22,day,flyer-poster,0,0,0,0,0
PO-0722-033,2026-07-22,day,flyer-poster,0,0,0,0,0
PO-0722-034,2026-07-22,day,program-booklet,0,0,0,0,0
PO-0722-035,2026-07-22,evening,other,0,0,1,0,1
PO-0722-036,2026-07-22,day,other,0,0,0,0,0
PO-0722-037,2026-07-22,evening,course-packet,0,0,0,0,0
PO-0722-038,2026-07-22,evening,other,0,0,0,0,0
PO-0722-039,2026-07-22,day,program-booklet,0,0,0,0,0
PO-0722-040,2026-07-22,evening,other,0,0,0,0,0
PO-0722-041,2026-07-22,day,other,0,0,0,0,0
PO-0722-042,2026-07-22,day,program-booklet,0,0,0,0,0
PO-0722-043,2026-07-22,day,other,0,0,0,0,0
PO-0722-044,2026-07-22,day,course-packet,0,0,0,0,0
PO-0722-045,2026-07-22,day,course-packet,0,0,0,0,0
PO-0722-046,2026-07-22,evening,program-booklet,0,0,0,0,0
PO-0722-047,2026-07-22,day,flyer-poster,0,0,0,0,0
PO-0722-048,2026-07-22,day,flyer-poster,0,1,0,0,1
PO-0722-049,2026-07-22,day,flyer-poster,0,0,0,1,1
PO-0722-050,2026-07-22,evening,other,0,0,0,0,0
PO-0722-051,2026-07-22,day,flyer-poster,0,0,0,0,0
PO-0722-052,2026-07-22,day,program-booklet,0,0,0,0,0
PO-0722-053,2026-07-22,evening,other,0,0,0,0,0
PO-0722-054,2026-07-22,day,course-packet,0,0,0,0,0
PO-0722-055,2026-07-22,evening,program-booklet,0,0,0,0,0
PO-0722-056,2026-07-22,day,program-booklet,0,0,0,0,0
PO-0722-057,2026-07-22,evening,program-booklet,0,0,0,0,0
PO-0722-058,2026-07-22,evening,course-packet,0,0,0,0,0
PO-0722-059,2026-07-22,day,course-packet,0,0,0,0,0
PO-0722-060,2026-07-22,evening,program-booklet,0,0,0,0,0
PO-0722-061,2026-07-22,evening,course-packet,1,0,0,0,1
PO-0722-062,2026-07-22,evening,course-packet,0,0,0,0,0
PO-0722-063,2026-07-22,evening,flyer-poster,0,0,1,0,1
PO-0722-064,2026-07-22,day,other,0,0,0,0,0
PO-0722-065,2026-07-22,day,flyer-poster,0,0,0,0,0
PO-0722-066,2026-07-22,evening,course-packet,0,0,0,0,0
PO-0722-067,2026-07-22,evening,course-packet,0,0,0,0,0
PO-0722-068,2026-07-22,day,program-booklet,0,0,0,0,0
PO-0722-069,2026-07-22,day,course-packet,0,0,0,0,0
PO-0722-070,2026-07-22,day,other,0,1,0,0,1
PO-0722-071,2026-07-22,day,flyer-poster,0,0,0,0,0
PO-0722-072,2026-07-22,day,program-booklet,0,0,0,0,0
PO-0722-073,2026-07-22,evening,program-booklet,0,0,0,0,0
PO-0722-074,2026-07-22,day,flyer-poster,0,0,0,0,0
PO-0722-075,2026-07-22,evening,program-booklet,0,0,0,0,0
PO-0722-076,2026-07-22,day,flyer-poster,0,0,0,0,0
