order_id,date,daypart,drink_type,barista,wait_minutes
POS-0810-01,2026-08-10,early,mocha,Riley,8.4
POS-0810-02,2026-08-10,early,americano,Riley,6.9
POS-0810-03,2026-08-10,early,latte,Riley,6.0
POS-0810-04,2026-08-10,early,cappuccino,Marcus,4.8
POS-0810-05,2026-08-10,early,americano,Riley,5.5
POS-0810-06,2026-08-10,early,latte,Riley,6.7
POS-0810-07,2026-08-10,late,latte,Marcus,5.6
POS-0810-08,2026-08-10,late,americano,Marcus,6.4
POS-0810-09,2026-08-10,late,latte,Riley,7.5
POS-0810-10,2026-08-10,late,latte,Marcus,4.3
POS-0810-11,2026-08-10,late,latte,Riley,7.9
POS-0810-12,2026-08-10,late,cappuccino,Marcus,6.5
POS-0811-01,2026-08-11,early,mocha,Riley,7.6
POS-0811-02,2026-08-11,early,latte,Marcus,5.6
POS-0811-03,2026-08-11,early,cappuccino,Marcus,6.5
POS-0811-04,2026-08-11,early,latte,Marcus,6.0
POS-0811-05,2026-08-11,early,latte,Marcus,6.1
POS-0811-06,2026-08-11,early,mocha,Marcus,7.2
POS-0811-07,2026-08-11,late,cappuccino,Marcus,7.0
POS-0811-08,2026-08-11,late,americano,Marcus,7.1
POS-0811-09,2026-08-11,late,cappuccino,Marcus,6.2
POS-0811-10,2026-08-11,late,latte,Marcus,5.6
POS-0811-11,2026-08-11,late,americano,Marcus,7.7
POS-0811-12,2026-08-11,late,latte,Marcus,7.3
POS-0812-01,2026-08-12,early,cappuccino,Riley,6.3
POS-0812-02,2026-08-12,early,latte,Marcus,7.2
POS-0812-03,2026-08-12,early,latte,Marcus,6.6
POS-0812-04,2026-08-12,early,latte,Riley,6.7
POS-0812-05,2026-08-12,early,cappuccino,Marcus,6.1
POS-0812-06,2026-08-12,early,americano,Riley,6.9
POS-0812-07,2026-08-12,late,latte,Marcus,7.2
POS-0812-08,2026-08-12,late,cappuccino,Marcus,6.0
POS-0812-09,2026-08-12,late,cappuccino,Marcus,5.8
POS-0812-10,2026-08-12,late,cappuccino,Marcus,6.2
POS-0812-11,2026-08-12,late,cappuccino,Marcus,6.7
POS-0812-12,2026-08-12,late,cappuccino,Riley,7.2
POS-0813-01,2026-08-13,early,cappuccino,Riley,6.4
POS-0813-02,2026-08-13,early,mocha,Riley,5.7
POS-0813-03,2026-08-13,early,latte,Riley,4.3
POS-0813-04,2026-08-13,early,americano,Riley,5.8
POS-0813-05,2026-08-13,early,americano,Riley,5.1
POS-0813-06,2026-08-13,early,cappuccino,Marcus,6.5
POS-0813-07,2026-08-13,late,cappuccino,Marcus,5.5
POS-0813-08,2026-08-13,late,americano,Marcus,6.6
POS-0813-09,2026-08-13,late,cappuccino,Marcus,7.7
POS-0813-10,2026-08-13,late,americano,Riley,6.1
POS-0813-11,2026-08-13,late,latte,Marcus,5.7
POS-0813-12,2026-08-13,late,latte,Marcus,7.0
POS-0814-01,2026-08-14,early,americano,Marcus,4.6
POS-0814-02,2026-08-14,early,americano,Riley,5.9
POS-0814-03,2026-08-14,early,cappuccino,Marcus,5.9
POS-0814-04,2026-08-14,early,mocha,Riley,6.0
POS-0814-05,2026-08-14,early,mocha,Marcus,5.5
POS-0814-06,2026-08-14,early,americano,Marcus,6.8
POS-0814-07,2026-08-14,late,mocha,Marcus,7.4
POS-0814-08,2026-08-14,late,latte,Marcus,6.6
POS-0814-09,2026-08-14,late,americano,Marcus,5.6
POS-0814-10,2026-08-14,late,mocha,Marcus,7.4
POS-0814-11,2026-08-14,late,latte,Marcus,5.8
POS-0814-12,2026-08-14,late,cappuccino,Marcus,7.2
POS-0817-01,2026-08-17,early,americano,Riley,5.7
POS-0817-02,2026-08-17,early,cappuccino,Riley,6.8
POS-0817-03,2026-08-17,early,latte,Riley,7.0
POS-0817-04,2026-08-17,early,latte,Marcus,5.9
POS-0817-05,2026-08-17,early,latte,Riley,5.5
POS-0817-06,2026-08-17,early,mocha,Riley,6.0
POS-0817-07,2026-08-17,late,americano,Marcus,5.5
POS-0817-08,2026-08-17,late,mocha,Marcus,7.2
POS-0817-09,2026-08-17,late,latte,Marcus,5.9
POS-0817-10,2026-08-17,late,latte,Marcus,7.5
POS-0817-11,2026-08-17,late,americano,Riley,5.9
POS-0817-12,2026-08-17,late,latte,Marcus,5.3
POS-0818-01,2026-08-18,early,cappuccino,Riley,4.4
POS-0818-02,2026-08-18,early,latte,Marcus,5.5
POS-0818-03,2026-08-18,early,latte,Riley,7.3
POS-0818-04,2026-08-18,early,latte,Riley,5.9
POS-0818-05,2026-08-18,early,latte,Marcus,5.3
POS-0818-06,2026-08-18,early,cappuccino,Marcus,6.4
POS-0818-07,2026-08-18,late,cappuccino,Marcus,6.1
POS-0818-08,2026-08-18,late,cappuccino,Marcus,6.3
POS-0818-09,2026-08-18,late,latte,Marcus,4.5
POS-0818-10,2026-08-18,late,latte,Marcus,6.1
POS-0818-11,2026-08-18,late,mocha,Riley,5.8
POS-0818-12,2026-08-18,late,americano,Marcus,5.4
POS-0819-01,2026-08-19,early,cappuccino,Marcus,7.6
POS-0819-02,2026-08-19,early,latte,Marcus,6.1
POS-0819-03,2026-08-19,early,cappuccino,Riley,6.3
POS-0819-04,2026-08-19,early,mocha,Marcus,6.4
POS-0819-05,2026-08-19,early,cappuccino,Marcus,6.0
POS-0819-06,2026-08-19,early,americano,Marcus,6.2
POS-0819-07,2026-08-19,late,cappuccino,Riley,6.9
POS-0819-08,2026-08-19,late,americano,Marcus,6.1
POS-0819-09,2026-08-19,late,latte,Marcus,5.6
POS-0819-10,2026-08-19,late,latte,Marcus,6.9
POS-0819-11,2026-08-19,late,latte,Marcus,8.2
POS-0819-12,2026-08-19,late,americano,Riley,6.7
POS-0820-01,2026-08-20,early,mocha,Riley,4.9
POS-0820-02,2026-08-20,early,americano,Marcus,6.6
POS-0820-03,2026-08-20,early,americano,Riley,4.4
POS-0820-04,2026-08-20,early,americano,Marcus,6.3
POS-0820-05,2026-08-20,early,latte,Riley,6.0
POS-0820-06,2026-08-20,early,mocha,Riley,6.8
POS-0820-07,2026-08-20,late,latte,Riley,7.1
POS-0820-08,2026-08-20,late,latte,Riley,6.4
POS-0820-09,2026-08-20,late,mocha,Riley,6.9
POS-0820-10,2026-08-20,late,americano,Riley,4.4
POS-0820-11,2026-08-20,late,cappuccino,Marcus,6.1
POS-0820-12,2026-08-20,late,americano,Riley,5.7
POS-0821-01,2026-08-21,early,cappuccino,Marcus,4.9
POS-0821-02,2026-08-21,early,americano,Marcus,6.3
POS-0821-03,2026-08-21,early,cappuccino,Riley,5.2
POS-0821-04,2026-08-21,early,latte,Riley,5.7
POS-0821-05,2026-08-21,early,mocha,Riley,6.4
POS-0821-06,2026-08-21,early,latte,Marcus,5.6
POS-0821-07,2026-08-21,late,cappuccino,Marcus,4.3
POS-0821-08,2026-08-21,late,americano,Marcus,5.3
POS-0821-09,2026-08-21,late,americano,Marcus,5.9
POS-0821-10,2026-08-21,late,mocha,Marcus,5.9
POS-0821-11,2026-08-21,late,latte,Marcus,5.6
POS-0821-12,2026-08-21,late,cappuccino,Marcus,6.5
